battery_id,discharge_cycle,ambient_temperature,duration_s,mean_voltage,std_voltage,min_voltage,max_voltage,voltage_drop_rate,mean_current,std_current,mean_temperature,max_temperature,std_temperature,energy_wh,time_to_3v_s,capacity_ah,soh_pct,soh_class,rul_cycles,rul_class
B0005,0,24,3690.234,3.5298286688693397,0.2359570706808563,2.612467347907089,4.191491807505295,0.000247767981835325,-1.8187019641679727,0.593546181674474,32.572328114029,38.98218133148803,3.4869204762216834,6.6087781949284645,3287.969,1.8564874208181574,92.82437104090788,Healthy,124.0,Long
B0005,1,24,3672.344,3.5373201277859714,0.23476492928592219,2.587208728940726,4.189773213846608,0.0002422235843712771,-1.8175598506612867,0.5951796218062511,32.72523522519307,39.033397966787035,3.4267342264664666,6.586345150397566,3269.688,1.846327249719927,92.31636248599635,Healthy,123.0,Long
B0005,2,24,3651.641,3.5437367282719,0.22752543549673088,2.6519168938437794,4.188186735991303,0.0002357120336097321,-1.8164865418840956,0.5964980204475099,32.64286193755933,38.818796689817404,3.379475042762775,6.555683334957384,3250.437,1.8353491942234077,91.76745971117039,Healthy,122.0,Long
B0005,3,24,3631.563,3.5436661072601456,0.23274431724182537,2.592947964776547,4.188461118855572,0.00024074462151655985,-1.8255891938692528,0.5834624841611844,32.51487646204882,38.7623045063458,3.3865437316993527,6.5548286069376,3250.563,1.8352625275821128,91.76312637910564,Healthy,121.0,Long
B0005,4,24,3629.172,3.5423432526672167,0.2366885716567803,2.547419651124539,4.188298524761055,0.00024325157183913428,-1.8261139590277586,0.5834685498827803,32.38234901543077,38.66539257343368,3.3958806914600226,6.552231972609875,3248.766,1.8346455082120419,91.7322754106021,Healthy,120.0,Long
B0005,5,24,3652.281,3.5413347346347575,0.23931625998293235,2.5209480504077413,4.188815807948604,0.0002427213828768501,-1.8168108743168803,0.5967015706365189,32.43418218230641,38.75169504640032,3.4173255675455376,6.557494548054203,3250.203,1.8356616600675495,91.78308300337747,Healthy,119.0,Long
B0005,6,24,3650.828,3.5410250495075215,0.2425153341196382,2.487927319492314,4.18839163793879,0.00024505426396118595,-1.816791144707133,0.5964919190059063,32.480416444757985,38.8207012322275,3.419542558294876,6.557049661436373,3249.312,1.8351461429226603,91.75730714613302,Healthy,118.0,Long
B0005,7,24,3572.453,3.554133296801584,0.22731251096165395,2.6652049047458775,4.188927891511958,0.00024428513145947743,-1.8443412120754061,0.5573831672048897,32.41046186109587,38.51713023385634,3.3516161723228617,6.535167110927523,3252.234,1.8257567905665537,91.28783952832768,Healthy,117.0,Long
B0005,8,24,3550.594,3.5529355991467955,0.2324538495076242,2.6038584726333673,4.189029250882121,0.0002511180707977222,-1.853972745505648,0.5424840616663397,32.3461408313,38.526267904657,3.3724043396197616,6.5291073135895505,3230.937,1.8247738529891333,91.23869264945667,Healthy,116.0,Long
B0005,9,24,3551.25,3.5512057319376997,0.23672870147542147,2.552853984885676,4.189223427076418,0.0002536624974251689,-1.8535899338510957,0.5423346882876612,32.27679750791685,38.52698128472781,3.384318782535614,6.526577749922872,3231.25,1.824613268496936,91.2306634248468,Healthy,115.0,Long
B0005,10,24,3530.25,3.549292319740949,0.2430973444996006,2.4724483018527317,4.188916055911241,0.00026135273163367076,-1.863380178294828,0.5267409991401001,32.15709350345252,38.54143406601644,3.4192563180601603,6.5224730397045345,3231.25,1.8246195526864504,91.23097763432251,Healthy,114.0,Long
B0005,11,24,3491.016,3.559759220648976,0.22886185175957943,2.64956413267546,4.189876247266316,0.00025599320879744715,-1.872968810287894,0.5116979707844124,32.36407129853099,38.52197451768004,3.3635991447660745,6.497483643883568,3231.688,1.8142019357673917,90.71009678836958,Healthy,113.0,Long
B0005,12,24,3470.281,3.558081969139198,0.23460775776275253,2.5724981777366227,4.189286794768804,0.0002643962777755471,-1.8826095043160833,0.4942824152307196,32.3181954403762,38.582485834057856,3.3739283176724415,6.491853045269893,3211.844,1.8137521577549054,90.68760788774527,Healthy,112.0,Long
B0005,13,24,3470.0,3.555692244172496,0.237911318298918,2.5249886697730286,4.188837765892728,0.0002662774299157645,-1.882536787636365,0.49428703573729343,32.15709029211502,38.520294134873915,3.426023279669047,6.487114428498572,3211.5,1.8134404914735822,90.67202457367911,Healthy,111.0,Long
B0005,14,24,3450.297,3.562746818017503,0.22392608690207388,2.694621861688723,4.189110301768517,0.0002550502464715826,-1.8817935155260215,0.49541451927035984,32.04407000314609,38.21358592965045,3.360458061989185,6.456673528229404,3211.922,1.8025980036306504,90.12990018153252,Healthy,110.0,Long
B0005,15,24,3429.407,3.5614521756489204,0.22796979172772144,2.64010141737067,4.18921207304098,0.00026274601415698234,-1.8921861285036712,0.4770160473926998,31.931593674911532,38.1983618706913,3.385244667118977,6.451147555097534,3210.735,1.80210690024615,90.10534501230751,Healthy,109.0,Long
B0005,16,24,3409.484,3.5603420474985823,0.23297600498562532,2.5739035098380962,4.188899969428112,0.0002722247321074354,-1.9027629207037406,0.4571130109358775,31.941655359029298,38.31926916027133,3.4008083552683144,6.449580251029462,3191.516,1.802579500826209,90.12897504131045,Healthy,108.0,Long
B0005,17,24,3390.422,3.5591189041401865,0.23873643876806222,2.4942396831720126,4.188779799856791,0.0002829479569423454,-1.9133470605822436,0.4358942318853322,31.965008645476725,38.4787542519308,3.414795247499799,6.4472058652048485,3192.39,1.8030683142834096,90.15341571417048,Healthy,107.0,Long
B0005,18,24,3390.281,3.557886771846508,0.24145031412156678,2.4556793246645583,4.189272591516219,0.0002846058178236973,-1.9131602105481538,0.43619046586394566,31.966241678512723,38.54659017774874,3.433369080629228,6.444197257048334,3191.625,1.8027776247196041,90.13888123598021,Healthy,106.0,Long
B0005,19,24,3591.734,3.5520375235511907,0.23416563071224794,2.632142800798914,4.187614060563439,0.0002586142872495683,-1.8553455745575975,0.5400579358950733,32.37143341978575,38.44749852224995,3.358265608227543,6.611240878678175,3290.75,1.8470259949329193,92.35129974664596,Healthy,105.0,Long
B0005,20,24,3552.297,3.5525668436897124,0.2441722414090925,2.5027764692056795,4.1876287811083985,0.0002729452425606964,-1.8746995273150975,0.5078881766945342,32.70024990461686,38.992275791716615,3.4144547200965945,6.611161010084513,3272.0,1.847417311283644,92.3708655641822,Healthy,104.0,Long
B0005,21,24,3531.578,3.556794038327039,0.23311973567394634,2.617507742871704,4.187447226312926,0.00026337733428885123,-1.873827212788385,0.5090210348494151,32.32266411829938,38.51424197364312,3.395181230789341,6.574821168404174,3272.047,1.8361774213478947,91.80887106739473,Healthy,103.0,Long
B0005,22,24,3492.907,3.5614100044534203,0.22484633144049296,2.694074478000972,4.187344026387161,0.00025969408257722494,-1.883193546754683,0.49304941109665107,31.98795810666763,38.165816144899125,3.404274898198559,6.539641286548478,3253.235,1.8257807475776242,91.2890373788812,Healthy,102.0,Long
B0005,23,24,3511.594,3.5566107947817986,0.23067449635182954,2.6237674644021887,4.187438187636325,0.0002584788379515496,-1.873239184822504,0.51045002675325,31.894456524691385,38.16526203587147,3.436465900023053,6.532620983797102,3251.828,1.8251136435078368,91.25568217539184,Healthy,101.0,Long
B0005,24,24,3431.9370000000054,3.5586742170266272,0.23845858592777874,2.5010798299873738,4.18774138117799,0.00028633173207229695,-1.9139593751505897,0.4336815885962881,31.78039681801023,38.27549578575718,3.4449494445307676,6.527920631813516,3233.077999999994,1.8255815042203762,91.2790752110188,Healthy,100.0,Long
B0005,25,24,3431.125,3.564103182686905,0.22371289710668404,2.6849988185249796,4.188261122540052,0.0002656254727482935,-1.9030532722310995,0.45609178373993275,31.688747146342205,37.982160799183106,3.4231952488727075,6.495263190740645,3231.829,1.8140311275083907,90.70155637541953,Healthy,99.0,Long
B0005,26,24,3412.406,3.559588063594272,0.23399060506233524,2.547109116468133,4.187338767288234,0.00028021540800163926,-1.9134590742247914,0.434873129767018,31.596747992569153,38.11100191887773,3.461139819499428,6.489442748159886,3213.625,1.8147691941158939,90.7384597057947,Healthy,98.0,Long
B0005,27,24,3410.688,3.556833231052199,0.23947202414141244,2.471314764334132,4.187560306288175,0.0002830908408395442,-1.913620909902553,0.43491395027052004,31.565586498787077,38.18831137948753,3.480274215150429,6.482180288608384,3211.906,1.813969388710352,90.69846943551761,Healthy,97.0,Long
B0005,28,24,3410.718,3.5624410850948944,0.22469381728284948,2.6613903306108773,4.18805176248713,0.00026327857323775884,-1.9025819745719061,0.45735642874148813,31.59124667045208,37.998541119085836,3.455173082508427,6.451556870936514,3211.453,1.802765665167823,90.13828325839116,Healthy,96.0,Long
B0005,29,24,3392.719,3.5591407106855666,0.2337381121665522,2.541762355407921,4.187667484260542,0.00027602972690018014,-1.9130621638638965,0.4362089113558066,31.603485399391182,38.194201649765226,3.4825819327963465,6.449409259843297,3194.375,1.804077040117352,90.2038520058676,Healthy,95.0,Long
B0005,30,24,3470.672,3.5573161327793144,0.2244802327371113,2.628919415830567,4.2010701773378685,0.0002742370051161053,-1.920618117118412,0.4205282536761078,31.91556385491565,38.45796400011448,3.5076959837591097,6.6214238417618985,3270.359,1.8518025516704486,92.59012758352243,Healthy,94.0,Long
B0005,31,24,3414.109,3.561870782772737,0.22326557144507364,2.6312552691827045,4.1996223345495824,0.0002751917807400342,-1.9298830859597569,0.399294272689169,32.081128118597164,38.49126351534004,3.3915014198167084,6.550749752385637,3242.344,1.8307038456739428,91.53519228369714,Healthy,93.0,Long
B0005,32,24,3395.219,3.5617586337260088,0.22104596048351946,2.654880745360911,4.199853323702163,0.0002705883544717807,-1.9293005284805407,0.4002852377219257,31.849792632896243,38.31473393357882,3.3803301579998144,6.510886361026922,3223.281,1.8199041089501267,90.99520544750634,Healthy,92.0,Long
B0005,33,24,3386.0,3.5597307651083123,0.21897224844365457,2.6749688422803803,4.199103467081427,0.00026276785201614623,-1.923330987770314,0.4135159697940358,31.465690433362017,37.861934640176806,3.416430218751927,6.469268383163047,3204.516,1.8093079637028517,90.46539818514259,Healthy,91.0,Long
B0005,34,24,3368.187,3.5575937553540915,0.22364252387843475,2.6159705726789904,4.199998536865001,0.00026851361554705013,-1.9284469980320087,0.40194096557758924,31.40934895665031,37.90665575786083,3.39766676229326,6.448258261024923,3186.734,1.80460990458052,90.23049522902599,Healthy,90.0,Long
B0005,35,24,3368.266,3.5597237883937995,0.22067304968852833,2.658447162110498,4.19967522099872,0.0002619974122139911,-1.9231439161693824,0.4145005123309109,31.902247475518077,38.34003238560517,3.4319633187951024,6.434013039595092,3186.234,1.7993770651972192,89.96885325986096,Healthy,89.0,Long
B0005,36,24,3358.719,3.559061771422033,0.2174117074890921,2.6979426084271156,4.1991847248803165,0.0002534794421255026,-1.9170149640438081,0.42729035615010547,31.649024294808623,38.0745950590744,3.429628733786301,6.393192582022831,3167.141,1.7884432335370462,89.42216167685231,Healthy,88.0,Long
B0005,37,24,3339.5,3.557015527748059,0.2202112122344345,2.6617272246516333,4.200012480335,0.0002581795347896819,-1.922048805055383,0.4161258984825695,31.48874626238971,38.07252758016199,3.4678195183884166,6.36913041109019,3157.406,1.7829230484252723,89.14615242126361,Healthy,87.0,Long
B0005,38,24,3331.265,3.5562481933590964,0.21711532049783672,2.699288287625812,4.1992373656547874,0.0002506149724729192,-1.9162302821549877,0.42893766203569794,31.329995610092634,37.80133585100446,3.5094402484809746,6.332119975253013,3139.609,1.7730337158018288,88.65168579009143,Healthy,86.0,Long
B0005,39,24,3321.188,3.5532756526091784,0.2242097776623701,2.6127932408838532,4.1993957811187075,0.00025996158226146497,-1.9220800182578983,0.4172895950868297,31.569551201845574,38.39873985476869,3.562748483599031,6.327977828305635,3129.625,1.773037755078937,88.65188775394685,Healthy,85.0,Long
B0005,40,24,3321.844,3.556266431640255,0.22065598640894563,2.6637064901468075,4.1995786980260705,0.00025405138533884193,-1.9162417890311958,0.42954821430451323,32.111426258867944,38.74929237918251,3.542509758652166,6.314847281055934,3129.766,1.7678721106662054,88.39360553331026,Healthy,84.0,Long
B0005,41,24,3311.828,3.5563095420140822,0.22086472080479183,2.6668454289754746,4.199546957512695,0.00025304960275757436,-1.9158809823517762,0.4301866281036963,32.271676011112376,38.87275464755104,3.505491291733021,6.2948122663658,3119.859,1.7623150704093087,88.11575352046543,Healthy,83.0,Long
B0005,42,24,3327.391,3.558950851054106,0.2248771520046519,2.684431051981017,4.194091469340824,0.0002545908633415964,-1.9114406265753041,0.43944109419390154,31.842291659678658,38.503541429116005,3.5341086843673057,6.312622563983889,3148.859,1.7676172924938447,88.38086462469224,Healthy,82.0,Long
B0005,43,24,3312.078,3.5534418211598053,0.22263448201480376,2.645224362345869,4.200715235801255,0.00025044856630172503,-1.9158166997544155,0.4299853699579859,31.759815453754253,38.27009094548294,3.4611972406700215,6.290405274839963,3111.5,1.762668359743147,88.13341798715734,Healthy,81.0,Long
B0005,44,24,3293.172,3.5510121537420285,0.22130511019697496,2.6603527244917,4.1990980807180325,0.00024874080722317557,-1.9151304155635374,0.4310379045239763,31.41911167391793,38.11684755251712,3.5319955005201416,6.246148229446523,3091.984,1.7517304870664143,87.58652435332071,Healthy,80.0,Long
B0005,45,24,3275.328,3.551317608213948,0.21900720749034402,2.6926849789916263,4.199398534411534,0.0002465498168800279,-1.9148485784393638,0.43231390245118795,31.331626572312267,38.04152715355532,3.538620015044167,6.210316132444617,3082.937,1.7418496047960008,87.09248023980004,Healthy,79.0,Long
B0005,46,24,3265.016,3.549003180550162,0.22112880899864104,2.670544734728978,4.199122915612965,0.00024802362817514915,-1.9144128654409127,0.4327839754033059,31.35934131425137,38.17980302242767,3.580882360514829,6.1861677464656495,3063.297,1.7360913511847138,86.8045675592357,Healthy,78.0,Long
B0005,47,24,3328.937,3.5597648340955175,0.22690811654164278,2.605158060541757,4.190409478081396,0.0002855112711960879,-1.9388813849818083,0.3772637665356265,34.31088483888259,40.71218198711114,3.3312911329320847,6.412408120460117,3167.172,1.7936240148573608,89.68120074286804,Healthy,77.0,Long
B0005,48,24,3329.266,3.5623454342368555,0.22196151611679193,2.672012007453096,4.199933846791869,0.000266967616002134,-1.927509725704535,0.40406682162522617,33.43585640373788,39.885261233152924,3.3758093419223836,6.379642018495001,3157.86,1.7831890223273275,89.15945111636637,Healthy,76.0,Long
B0005,49,24,3301.579,3.558336657621618,0.22116302424041023,2.674271233724938,4.199365021329158,0.00026245105600595137,-1.9267185977839403,0.4055885131371584,32.66698125020078,39.18287352945846,3.410710826213734,6.314810424724099,3129.704,1.7673642076278957,88.36821038139479,Healthy,75.0,Long
B0005,50,24,3283.563,3.554013138622869,0.22441709628144815,2.6309416727017187,4.19902365945384,0.00026351327630657066,-1.9261308349663746,0.4068434847542995,32.28423408691397,38.951564804030774,3.477296802755773,6.270513450066385,3101.922,1.7570177850353066,87.85088925176532,Healthy,74.0,Long
B0005,51,24,3275.125,3.552376095886298,0.22204569380260106,2.6629725743154204,4.199432142144215,0.00025584562203007875,-1.9202346781375206,0.42017980834668417,32.00739178780946,38.607510759873634,3.5114636089072517,6.231290262218774,3083.453,1.7468706179837907,87.34353089918953,Healthy,73.0,Long
B0005,52,24,3265.656,3.549618661283733,0.22622259329090488,2.612942119873717,4.199640922827531,0.0002593003187504073,-1.9201011498853633,0.4206076443839264,32.06387071886056,38.920359903369054,3.565622841015737,6.208654358182036,3073.594,1.7417172507457144,87.08586253728572,Healthy,72.0,Long
B0005,53,24,3266.093,3.54938103086703,0.22644463175198204,2.6157198442661476,4.199305653118061,0.0002553979851283271,-1.9144278105456467,0.43285900358177537,32.43754560319043,39.23273115358871,3.6022709283889247,6.190266778442878,3063.812,1.7364225056478186,86.82112528239094,Healthy,71.0,Medium
B0005,54,24,3257.594,3.5472118680418956,0.2256048866862126,2.6287695472774453,4.198949734540481,0.00024962499153932536,-1.908340706503589,0.44542459211819263,32.16809876635083,38.964927068400804,3.563053000695821,6.150496704395597,3045.657,1.7263217239235826,86.31608619617913,Healthy,70.0,Medium
B0005,55,24,3248.593,3.5467052098640246,0.22260946236691775,2.6655106679421823,4.19834220599025,0.00024315111801814036,-1.902207182631691,0.4575237574010793,32.05752645824972,38.83927283461771,3.580382906894387,6.111427878700762,3026.656,1.7158065389330133,85.79032694665067,Healthy,69.0,Medium
B0005,56,24,3238.766,3.544629653883431,0.22441087883425337,2.650495153350403,4.198995776266302,0.00024366183882690027,-1.9020484449938713,0.45824944020161834,31.975920928072714,38.82796377704433,3.6137129639045322,6.08900370564263,3017.0,1.710533351135192,85.52666755675959,Healthy,68.0,Medium
B0005,57,24,3240.14,3.5436291614253204,0.2251626394650501,2.643236235233877,4.19916986492694,0.00024131730720039848,-1.8964907679062355,0.4695119039783484,32.21689335291319,39.14007944734004,3.6809207416656733,6.072104140645199,3008.562,1.706014499648521,85.30072498242605,Healthy,67.0,Medium
B0005,58,24,3230.109,3.5444946147995258,0.2250288003365719,2.656450207001938,4.199246833083063,0.0002406770930137799,-1.895971437908019,0.4700220134159711,32.55632993697177,39.349611598028886,3.5876341260521625,6.052907268941263,2998.671,1.7003110272642588,85.01555136321294,Healthy,66.0,Medium
B0005,59,24,3229.7810000000027,3.5409201846556857,0.22759267954042178,2.626177688152069,4.1992551886401595,0.0002390604139321101,-1.8899648799839277,0.4809252461296192,32.40048085325998,39.29444535878087,3.6261445424786727,6.027506290155278,2979.327999999994,1.6945798601797895,84.72899300898948,Healthy,65.0,Medium
B0005,60,24,3212.469,3.541195668799061,0.2253901682415922,2.6582230344240045,4.199610827671791,0.0002370239555990082,-1.8893703824420507,0.48225312231239975,32.29371860868794,39.10487658009542,3.637499367495382,5.992186732041017,2961.937,1.6849029086609286,84.24514543304643,Healthy,64.0,Medium
B0005,61,24,3213.219,3.540671044783382,0.22200337643732754,2.695100237338448,4.1994453812630566,0.00022837064908345632,-1.8776883243431417,0.5029620620589579,32.136071448067796,39.0462609369598,3.654819125074113,5.953447910182052,2952.641,1.6744741591159717,83.72370795579859,Healthy,63.0,Medium
B0005,62,24,3203.578,3.5376048790268775,0.22747021165023182,2.639091813583503,4.198991968341307,0.00023536371921914262,-1.8831065986697755,0.4936099038550067,32.38268549723498,39.398032192832,3.738665594798859,5.950118755495468,2943.297,1.6745692479879102,83.72846239939551,Healthy,62.0,Medium
B0005,63,24,3195.125,3.538422485261741,0.22445639503179138,2.6857210282450983,4.197785116892181,0.00022857259906700831,-1.876359921441716,0.5045046007331752,32.30899951427637,39.10678394120843,3.573601688124995,5.911338927626321,2924.594,1.663716375981405,83.18581879907026,Healthy,61.0,Medium
B0005,64,24,3195.3129999999946,3.53928626988912,0.2237217691429451,2.69017866510873,4.201331130571617,0.0002283347919959778,-1.8709550260104437,0.5143997774045596,32.56636929496716,39.44448954135193,3.6987146279019267,5.89685591950186,2925.0160000000033,1.659013868748246,82.9506934374123,Healthy,60.0,Medium
B0005,65,24,3186.297,3.533690170241391,0.2284155018484487,2.639895313359579,4.199339974904826,0.00023013223160469394,-1.8705599868289542,0.5149956757914231,32.46542951751835,39.509602016775695,3.763161934375441,5.870096594650038,2906.485,1.6538540573335014,82.69270286667508,Healthy,59.0,Medium
B0005,66,24,3176.438,3.534367734544495,0.22401128563800174,2.68991452927918,4.198916244859707,0.00022466268509279777,-1.8640049795794804,0.5255367036226928,32.347056454418095,39.334865362245324,3.7686387838768005,5.829762731653808,2886.61,1.642653782130131,82.13268910650655,Healthy,58.0,Medium
B0005,67,24,3167.593,3.5312941932103548,0.22709204592021853,2.65935818848874,4.198537488587242,0.00022683321925158896,-1.8636932149873204,0.5263075365065475,32.371538940646154,39.43723270017243,3.798378346405976,5.808391755451784,2877.859,1.6378578430223698,81.89289215111849,Healthy,57.0,Medium
B0005,68,24,3167.719,3.5309134771684274,0.22674511548841458,2.6657030585650423,4.198943932259475,0.0002245689100394644,-1.857820396301907,0.5360241740397207,32.45549347979197,39.51375235624076,3.806767841094206,5.789430024450004,2868.406,1.6327350407099108,81.63675203549555,Healthy,56.0,Medium
B0005,69,24,3159.077999999994,3.5287226893409893,0.22927035359609077,2.642986759012803,4.199579806494986,0.0002263308048063476,-1.8572160981955346,0.5366022681919891,32.50017194695606,39.60170302810528,3.822022211269683,5.7687751891219845,2850.125,1.6277528915533617,81.38764457766808,Healthy,55.0,Medium
B0005,70,24,3148.829,3.52625493581969,0.23073247098074154,2.6311169118893036,4.198782234828033,0.0002269979800966043,-1.8568340008006827,0.5375143566828329,32.50100298369444,39.687463597582074,3.84957926477219,5.744812143134751,2840.016,1.622125485521159,81.10627427605796,Healthy,54.0,Medium
B0005,71,24,3149.094,3.528684324337005,0.2247705585097621,2.696157404617167,4.19910517813207,0.00021931452044643613,-1.8448886500218815,0.5559145972091805,32.4728927422438,39.53535075538898,3.8316458393751693,5.708751046256081,2830.125,1.6113256603765849,80.56628301882924,Healthy,53.0,Medium
B0005,72,24,3140.547,3.525556939424901,0.22779895158764976,2.6667596238241567,4.198510853141954,0.00022121100799452222,-1.8444180038305806,0.5567175936954798,32.50480154634882,39.6502371632164,3.8641045055376444,5.687433106523193,2812.0,1.6065631397488385,80.32815698744193,Healthy,52.0,Medium
B0005,73,24,3131.625,3.5226805646793737,0.23050584047552053,2.6403185448373043,4.198732430468704,0.0002230802454275608,-1.8438790389835118,0.557421835420678,32.51218336210202,39.69929058154853,3.885789404543481,5.665526443449772,2802.969,1.6015142233917594,80.07571116958798,Healthy,51.0,Medium
B0005,74,24,3121.907,3.524673458789008,0.22554614793423197,2.69892986372897,4.198799630396931,0.00021817717951966872,-1.83711254029409,0.5670761474198778,32.45692821941515,39.56076309770468,3.8707779902612707,5.62737818695699,2783.641,1.590369231400328,79.5184615700164,Degrading,50.0,Medium
B0005,75,24,3122.125,3.5213155754526824,0.22838261270267754,2.6682466504352993,4.198753541225669,0.0002182183392865626,-1.8315957075983758,0.5758422473114834,32.447059186431154,39.63708096307912,3.902676905350374,5.6065200687401715,2774.484,1.5857889968242211,79.28944984121105,Degrading,49.0,Medium
B0005,76,24,3121.672,3.51803386486462,0.23117872316851204,2.6479207279724903,4.200309982421394,0.00021920839704147522,-1.8311195242792309,0.5758733468618624,32.32889654966259,39.43977047692484,3.8494187253951466,5.598269430363256,2764.125,1.5849430707374117,79.24715353687058,Degrading,48.0,Medium
B0005,77,24,3120.86,3.5236841955396794,0.22917796003491905,2.6741633856529066,4.201124089732316,0.0002256238305252689,-1.8432799764914718,0.5581982237984048,32.84488475360107,39.839022256254516,3.7930289092436635,5.646277397940907,2792.61,1.5955263892495937,79.77631946247968,Degrading,47.0,Medium
B0005,78,24,3103.828,3.519146638240668,0.22719970590454205,2.6892528956736257,4.198150316653697,0.00021841721025795614,-1.829798505957538,0.577259511293026,32.31731555011648,39.41794949618613,3.864121159323799,5.563177599625904,2755.766,1.5747301747801037,78.73650873900519,Degrading,46.0,Medium
B0005,79,24,3095.094,3.516233648608237,0.2273324183483178,2.688809122993162,4.198524048997099,0.00021624492344623185,-1.8236746835609148,0.5868747718090098,32.06376130177751,39.262781682151214,3.943799041030261,5.522846592484249,2737.485,1.5649019950937946,78.24509975468973,Degrading,45.0,Medium
B0005,80,24,3095.781,3.514773138461639,0.22847210016062755,2.6743555987897745,4.198840869468569,0.00021581466023891743,-1.8176720770210877,0.5952075610841622,32.21997626855924,39.47237839941986,3.9798848350523506,5.502999626339016,2718.641,1.5597659473370362,77.98829736685181,Degrading,44.0,Medium
B0005,81,24,3094.328,3.5132992979150073,0.2314217062849809,2.6430294964336345,4.198119631667182,0.0002187320424027837,-1.8179238657973993,0.5952405875017754,32.7120225448885,40.037541469513684,3.9976006239496304,5.50157399112545,2717.953,1.5594815668184234,77.97407834092117,Degrading,43.0,Medium
B0005,82,24,3086.531,3.514484830704665,0.23060759962593796,2.6584858447131823,4.198320288264955,0.00021862226149292342,-1.817160673909645,0.5961269317003768,32.945022147355694,40.142730162011574,3.9422119635924115,5.486394938692131,2709.219,1.55468935359061,77.7344676795305,Degrading,42.0,Medium
B0005,83,24,3085.625,3.5109677353595243,0.2329526759800367,2.629782173759164,4.1980467610750285,0.00021795344067467815,-1.8110297241968543,0.6042377451924877,32.857549597381336,40.1165626728546,3.9688503842638565,5.460410060075624,2698.797,1.5488741079890418,77.44370539945209,Degrading,41.0,Medium
B0005,84,24,3067.203,3.5109358749578012,0.2307329830817022,2.6622967647315545,4.199047008209673,0.0002165533944368754,-1.8094435644526072,0.605972691577863,32.629663328789654,39.87503330866132,3.951047957236267,5.420822486326577,2680.187,1.538236598942558,76.9118299471279,Degrading,40.0,Medium
B0005,85,24,3058.157,3.509393098217416,0.2288570136594319,2.682380966742509,4.197669918520713,0.00021312411300919684,-1.8026537331443495,0.6147018605615803,32.379859014262976,39.61961987024145,3.988147604013235,5.380457782613523,2661.875,1.527914258251028,76.39571291255139,Degrading,39.0,Medium
B0005,86,24,3058.812,3.5066782411556563,0.2324429087783303,2.6401894768922713,4.197600624105256,0.00021620636373807808,-1.8031542757366414,0.6147768190719081,32.68215852457039,40.067324667444815,4.061372918664878,5.380485141688906,2662.468,1.5285252629756445,76.42626314878223,Degrading,38.0,Medium
B0005,87,24,3058.578,3.5109885623008092,0.2279824823099926,2.693769409137257,4.197985718630326,0.00021290253610377417,-1.7965666438696486,0.6225281437334834,32.99387423636739,40.24716716520102,4.008265788698764,5.365015925957814,2652.484,1.522647325284378,76.1323662642189,Degrading,37.0,Medium
B0005,88,24,3049.328,3.510305462695178,0.2281087434098021,2.695787450704935,4.198164128530042,0.00021320612567642992,-1.7959771394311956,0.6233048468787379,33.04539707211165,40.30253125568348,4.01550117256657,5.345596017946124,2643.14,1.5174859938489869,75.87429969244934,Degrading,36.0,Medium
B0005,89,24,3177.219,3.5222215314850214,0.23455024881444192,2.6920548172137724,4.222920057935785,0.00021964801130674275,-1.822916991757235,0.5880606956486941,32.856295641052824,40.09418103142496,3.9810906805855084,5.679568548293074,2811.656,1.605818899130659,80.29094495653295,Healthy,35.0,Medium
B0005,90,24,3082.937,3.5163492154331264,0.2342514069587575,2.629071246219689,4.200423045909808,0.00022912508699949599,-1.8294275689587538,0.5790386830763732,33.33950238056361,40.52238496316615,3.9283338338688516,5.525941928043904,2726.875,1.5638491446744425,78.19245723372212,Degrading,34.0,Medium
B0005,91,24,3074.266,3.5134397623234963,0.23338016528628605,2.631343871050918,4.198372063670128,0.00022390067326196513,-1.816317296828028,0.5967165768532282,33.35156485472646,40.56886357314186,3.951653441190732,5.464433733305601,2698.812,1.5480915247767786,77.40457623883893,Degrading,33.0,Medium
B0005,92,24,3066.0,3.515137522009075,0.22724285807568523,2.6983970036642315,4.198353213898968,0.00021605624733283304,-1.8033689952639713,0.6138243789661205,33.147486361012966,40.27804845768325,3.9517570424024644,5.408053847919241,2680.156,1.5323755631868592,76.61877815934297,Degrading,32.0,Medium
B0005,93,24,3056.437,3.50830390643132,0.2331667808997218,2.6338485871981514,4.197873789078739,0.00021872624304919208,-1.802670753119494,0.6146945270651876,33.007275861749356,40.2921849196155,4.008284181289492,5.379735580805939,2660.953,1.5269528268489705,76.34764134244853,Degrading,31.0,Medium
B0005,94,24,3048.219,3.509190808443004,0.22983512055913674,2.671566207861818,4.197955644238241,0.00021523998453531432,-1.7958941337499832,0.6233018675049735,32.91990812745461,40.184384347174266,4.0190435754293565,5.343712443595246,2642.547,1.5169573017136326,75.84786508568163,Degrading,30.0,Medium
B0005,95,24,3039.218,3.5068097579555353,0.23170359937392337,2.6540810507928123,4.197918434710392,0.0002164429436123291,-1.795344963527795,0.624318776563091,32.99903328622305,40.320066232195046,4.044741656549233,5.322789812727109,2633.687,1.5118975960142693,75.59487980071347,Degrading,29.0,Medium
B0005,96,24,3039.047,3.50609090727422,0.23141529776276365,2.656849703962618,4.197739340034368,0.00021468279532175727,-1.7893518988259454,0.6320325499876801,33.03772281691292,40.336505612651585,4.042950285126565,5.3022549626548106,2623.484,1.5065638960681105,75.32819480340552,Degrading,28.0,Medium
B0005,97,24,3030.375,3.5037157727265953,0.23345025331554517,2.6363048614501152,4.19785490446139,0.00021607376852926505,-1.7883879159763685,0.6328913986760089,33.07740307192613,40.43267631588412,4.058632380945664,5.281445667710866,2614.797,1.5015453526671363,75.07726763335681,Degrading,27.0,Medium
B0005,98,24,3021.0,3.5067479961367156,0.22782166398290293,2.69951692300468,4.197306756122815,0.00021160919494329523,-1.7815447770741009,0.6414356710358949,33.05467981523988,40.314538591575015,4.045827846714321,5.24532040443018,2595.563,1.4908444050400238,74.54222025200119,Degrading,26.0,Medium
B0005,99,24,3021.75,3.5058813026542324,0.22798452244418208,2.698216006032282,4.197528212001444,0.00021031874226361502,-1.7753115642966961,0.6486068932660061,33.11570360624461,40.386661855917744,4.056672478286734,5.226254316365284,2586.781,1.485868384561201,74.29341922806006,Degrading,25.0,Medium
B0005,100,24,3012.265,3.504168333530808,0.22887754440273086,2.6911707598773864,4.19743662221161,0.00021103787257666494,-1.7742377662318358,0.6498057454815246,33.12942148982364,40.43384612547835,4.070998143447877,5.204421249927886,2577.609,1.480413677976106,74.02068389880529,Degrading,24.0,Medium
B0005,101,24,3002.641,3.5030568931470634,0.22926505227297364,2.690162319231471,4.197717228550219,0.00021147185297056367,-1.773860289771637,0.6507355272479427,33.130681310493344,40.44479269068758,4.079963844026956,5.184214862199954,2567.609,1.4752095869031632,73.76047934515816,Degrading,23.0,Medium
B0005,102,24,3012.0,3.4982324882487936,0.23319573629206394,2.6355034454892072,4.192454851360723,0.00021501262924864805,-1.7809702419814517,0.6422230325919555,33.20069210329718,40.58499656066617,4.0996268557124855,5.217622076722036,2576.953,1.4859035988304024,74.29517994152012,Degrading,22.0,Medium
B0005,103,24,3020.11,3.5065859365661325,0.2327793636251861,2.6594753656507684,4.202845001527377,0.00022085642046478326,-1.7879098523188452,0.633757279790088,33.78697527817091,40.99869158762305,4.00137718412186,5.268265429268696,2605.157,1.4960918298136696,74.80459149068348,Degrading,21.0,Medium
B0005,104,24,3002.172000000006,3.501457140697961,0.2335250205477887,2.644554999824577,4.197952808231904,0.0002176172949551978,-1.780229415660985,0.6432393686749752,33.673365085761986,40.997807625227495,4.065518600867025,5.205237376265943,2577.672000000006,1.4808005946928984,74.04002973464492,Degrading,20.0,Medium
B0005,105,24,2992.703,3.501658387162809,0.23109365437747822,2.6719601666204564,4.198017952345714,0.0002144075564160427,-1.7731015168894209,0.6514705765655358,33.535818118317145,40.84213757482493,4.071805413255272,5.164275378558235,2557.735,1.4697543268466824,73.48771634233412,Degrading,19.0,Medium
B0005,106,24,2964.468,3.4966186408455298,0.23123114842947284,2.6598211033173382,4.192162800008929,0.00021411856666809722,-1.7705879947441516,0.654212957890516,33.32269982188509,40.69012464267011,4.102402769286851,5.10074321994847,2520.5,1.4539012274845928,72.69506137422964,Degrading,18.0,Short
B0005,107,24,2983.375,3.4991645719433246,0.22947771879895953,2.688360455508818,4.196993378341778,0.00021003033008409186,-1.7600629827474803,0.667000512961465,33.346230327490304,40.69938049882204,4.1187097532725945,5.103266358770504,2529.485,1.4541462067235693,72.70731033617847,Degrading,17.0,Short
B0005,108,24,2975.297,3.496080777360074,0.23426793601664392,2.6376728619288525,4.197603515102162,0.00021507296638610684,-1.765575132998529,0.6607978776580166,33.64948900485925,41.06026204078849,4.130055203457506,5.104470685434933,2521.641,1.455023751906683,72.75118759533416,Degrading,16.0,Short
B0005,109,24,2974.9850000000006,3.4959014526387993,0.23343364754226326,2.645120521151077,4.196406678544622,0.00021320850574741863,-1.7588271887545277,0.6677722505465497,33.79269513542102,41.19696040482682,4.127007891809572,5.082670664301841,2511.7189999999973,1.449042163761236,72.4521081880618,Degrading,15.0,Short
B0005,110,24,2966.25,3.49758697990267,0.229142139192038,2.698012437629632,4.197098662004674,0.00020910851993556235,-1.7516428147438297,0.6759686601230658,33.52446663707275,40.84446688602949,4.107121567467311,5.04523279959342,2502.454,1.4386709371480566,71.93354685740283,Degrading,14.0,Short
B0005,111,24,2956.359,3.4956989619989507,0.2296125408087406,2.6928942772989077,4.196909312093871,0.00020961461662223185,-1.7513097768253418,0.6767833456075123,33.39042251934235,40.764203830749366,4.147556736723813,5.023804004912511,2492.312,1.433445432156979,71.67227160784894,Degrading,13.0,Short
B0005,112,24,2956.344,3.492875380810072,0.2334116463244922,2.6483923655058113,4.197105220217278,0.00021222846008556878,-1.7511840784846122,0.6767869141766419,33.67370212742761,41.11212504270441,4.164046290316763,5.02144565611644,2483.0,1.4333958900838095,71.66979450419048,Degrading,12.0,Short
B0005,113,24,2956.406,3.49551076423368,0.23026320374609258,2.6832134764261997,4.196244829545076,0.00020969369553368878,-1.7446206812145286,0.6838024379199837,33.91080564765892,41.27256611507568,4.130728324479157,5.005302837423021,2482.984,1.42806487344776,71.403243672388,Degrading,11.0,Short
B0005,114,24,2947.266,3.4942333590450834,0.23051595773401903,2.684960445221862,4.1968026018066595,0.00020995709299073608,-1.7436362428649814,0.6846051890564013,33.7850680599871,41.15574924454392,4.144241804988197,4.984921553651983,2474.453,1.4229203181741186,71.14601590870593,Degrading,10.0,Short
B0005,115,24,2937.984,3.491197414255986,0.23192515902293845,2.669922120529456,4.196227405416926,0.00021033963747766926,-1.7425325036061032,0.6854953037815841,33.61126807392732,41.03237216951879,4.1726745332912945,4.960907056314797,2455.234,1.417429032731308,70.8714516365654,Degrading,9.0,Short
B0005,116,24,2929.125,3.4889094081576237,0.23255290311170276,2.664105530655056,4.196558172556389,0.00021065392963480188,-1.7419837011363046,0.6864030353770245,33.45598581472246,40.937269906716935,4.211566699707515,4.9397663764946245,2445.985,1.412409228794446,70.6204614397223,Degrading,8.0,Short
B0005,117,24,2928.454,3.487376295811431,0.23502132753203192,2.634098605983684,4.196870541112335,0.00021293195740892511,-1.7421680980861822,0.686435308908867,33.723267448788484,41.240704611971786,4.224667834776898,4.939588757711991,2445.86,1.412578792940193,70.62893964700964,Degrading,7.0,Short
B0005,118,24,2929.375,3.491994243745711,0.23071791602007982,2.68378702970616,4.196795527524874,0.00021026396485773126,-1.735841378420618,0.6933478478788404,34.050076369857344,41.43649987692296,4.168989536988808,4.927526316326989,2446.281,1.4075983731469897,70.37991865734948,Degrading,6.0,Short
B0005,119,24,2946.031,3.491585878898649,0.2314340526179757,2.660031949282934,4.189287343772767,0.00021499964475624308,-1.7567879869499758,0.6705438927885254,33.889346908026745,41.16703904201915,4.072979899996419,5.0220914614444885,2492.688,1.4333920485221476,71.66960242610739,Degrading,5.0,Short
B0005,120,24,2955.438,3.495576227046425,0.23397367076765024,2.650011641082063,4.201144545237731,0.00021968288150657836,-1.7573176114092575,0.6694688446745368,34.067648550088656,41.36216559728765,4.085856241889734,5.046349223778607,2492.703,1.4382550176792908,71.91275088396453,Degrading,4.0,Short
B0005,121,24,2937.625,3.4938988589692483,0.22954405726334065,2.6936969083341418,4.196925753814179,0.0002121818250368739,-1.7427628393326555,0.6856017380135446,33.75168100943646,41.02198772703674,4.104311380057595,4.965911562249644,2464.641,1.4173547174485526,70.86773587242763,Degrading,3.0,Short
B0005,122,24,2929.078,3.49159162968384,0.22932881459420568,2.697073130067154,4.196901090271507,0.00020984462697508716,-1.7352637407600366,0.6933146489933393,33.46482299584788,40.78818812957494,4.144480066638334,4.92402835807867,2446.063,1.406981663677643,70.34908318388216,Degrading,2.0,Short
B0005,123,24,2918.375,3.4885729299834787,0.23087953878001954,2.6806995515145213,4.196688955833435,0.0002105904321436313,-1.7344350518111926,0.6942236682134463,33.40210697922146,40.81506138506309,4.186006847766958,4.89926583541915,2426.375,1.4012037783587625,70.06018891793812,Degrading,1.0,Short
B0005,124,24,2919.812,3.4869021151089825,0.23172009682163183,2.6695398084864568,4.196339302740304,0.0002095323431298889,-1.7280392046289716,0.7011017090448697,33.410688917712235,40.858374219876424,4.202402162925674,4.880795759144988,2418.047,1.3967008232726328,69.83504116363164,Degrading,0.0,Short
B0005,125,24,2900.422,3.4855485210036417,0.2320368945792356,2.671695307817951,4.196181412764837,0.00021141211494078748,-1.7326888725308258,0.6961086414901655,33.38984948261314,40.839876773287166,4.223993508985999,4.859842275843864,2408.657,1.391284788852726,69.5642394426363,Degrading,0.0,Short
B0005,126,24,2901.375,3.4838912547260388,0.23259470683920805,2.661289185949965,4.195770804194879,0.00021031225650069854,-1.7260735249920125,0.7028749959302109,33.3700433438796,40.85376069244676,4.228319663198283,4.839005937424471,2399.5,1.3862287677978349,69.31143838989175,Degrading,0.0,Short
B0005,127,24,2901.187,3.483198941484065,0.2320093486771037,2.667817533540102,4.195456241846729,0.00020831659709084923,-1.7195393742714093,0.7094441800501549,33.27215987470977,40.74795214258888,4.234132939694458,4.816395070393216,2389.218,1.3804366761974138,69.02183380987069,Degrading,0.0,Short
B0005,128,24,2891.64,3.4836274447098883,0.23099757689946665,2.684008069130594,4.19654355365607,0.00020835338067140704,-1.7185829844462923,0.7104295747135849,33.222444215660225,40.68794001196382,4.243207916713656,4.797910909259677,2379.671,1.3752364150256224,68.76182075128112,Degrading,0.0,Short
B0005,129,24,2882.906,3.480172442538601,0.2328888860424913,2.6585256208771644,4.194357133255019,0.00020925037912083996,-1.717672415155695,0.7114589545468621,33.26207748383125,40.7810749453613,4.270669269535446,4.777249741229466,2371.469,1.3705128024895008,68.52564012447505,Degrading,0.0,Short
B0005,130,24,2883.265,3.478452148610975,0.2349115652478485,2.6372250579822927,4.195863681881766,0.0002105431417490635,-1.7177080769362936,0.7112700457368812,33.312029905516525,40.88159339768709,4.285594428971785,4.775272397477444,2361.64,1.3705085566270399,68.52542783135199,Degrading,0.0,Short
B0005,131,24,2882.969,3.4785782556105507,0.23371613114596132,2.6514257735606432,4.1955845546644195,0.00020859390522887995,-1.7109669363015376,0.7178817791871309,33.25287943255863,40.81191473576834,4.288549064319252,4.753877212610102,2361.312,1.3647355108681518,68.23677554340759,Degrading,0.0,Short
B0005,132,24,2891.656,3.4825195584604582,0.22996700565473227,2.676384659108382,4.188483624251573,0.00020861163676948912,-1.7184206130755166,0.7104440687417272,33.745054045019884,41.11793533148924,4.196060981362627,4.79961220207709,2380.125,1.375392016895762,68.7696008447881,Degrading,0.0,Short
B0005,133,24,2901.25,3.4886823636752826,0.2305166507714859,2.6949138502817815,4.200346502821317,0.00021367196342413034,-1.7260471943596487,0.7029280466636602,33.88841975386692,41.248795355864885,4.172985355606769,4.846826814816758,2408.859,1.3861115151535393,69.30557575767696,Degrading,0.0,Short
B0005,134,24,2891.703,3.4858502383832755,0.229689874761782,2.6973343716306273,4.1981749992980655,0.00020947282039878104,-1.712021613408506,0.7169288800053295,33.7353756996425,41.16242984455477,4.220925520758632,4.782827602953771,2379.844,1.3698500035838939,68.49250017919469,Degrading,0.0,Short
B0005,135,24,2883.016,3.478794177297151,0.23415766646771544,2.642540259937964,4.195715092938243,0.00021032957415982243,-1.711022510206629,0.7178849800923008,33.59131052719714,41.16437554618679,4.292879138992345,4.755795379810914,2360.938,1.3647827949260758,68.23913974630379,Degrading,0.0,Short
B0005,136,24,2873.453,3.4812826020756744,0.2296261723890385,2.699226257883075,4.195755769877104,0.00020653459334139766,-1.703421414006958,0.7252203529345469,33.32366688599416,40.864216180205034,4.2977729880449305,4.719067232143142,2342.359,1.3543220466259964,67.71610233129982,Degrading,0.0,Short
B0005,137,24,2874.031,3.480352041587074,0.23135076723711012,2.676480329780849,4.195911764444989,0.00020837998991602347,-1.703574708739156,0.7250143495493764,33.691961507697364,41.25434553511566,4.308684792274605,4.720665458231768,2342.937,1.3546417018378962,67.73208509189482,Degrading,0.0,Short
B0005,138,24,2874.234,3.4781127815565127,0.23421513644395944,2.642142168479886,4.195824004004723,0.0002099730904287845,-1.7034912994217157,0.7251866928085958,33.887639684793655,41.45023191903855,4.288100406630046,4.719115955034918,2342.953,1.3547039213192407,67.73519606596203,Degrading,0.0,Short
B0005,139,24,2864.984,3.4765867130506125,0.23433904836584496,2.644725254926797,4.196258226051591,0.00020968986445345166,-1.7023383270190764,0.726300026957014,33.67308060941856,41.27708509224051,4.3052968556355395,4.696913397382726,2333.297,1.349314997503458,67.4657498751729,Degrading,0.0,Short
B0005,140,24,2855.093,3.4733769291841643,0.23574646332423185,2.632270655366611,4.196612664794988,0.0002100769409728266,-1.7014238498912502,0.7272134622451198,33.411988203265814,41.064605154983276,4.343168774264048,4.673992832132636,2315.218,1.3441891937970554,67.20945968985276,Degrading,0.0,Short
B0005,141,24,2855.625,3.4726366397371127,0.23483898171754727,2.6391006118876117,4.195850781215982,0.00020801579545944493,-1.6950436046971957,0.7333519547642081,33.29926524979532,40.99284868101728,4.376203061199199,4.65322664909048,2305.094,1.3389913790695755,66.94956895347877,Degrading,0.0,Short
B0005,142,24,2855.594,3.473439372740961,0.23479831383576488,2.637841830893275,4.1960023929619235,0.0002089434209363204,-1.695057731610264,0.7335626760276208,33.59980731390034,41.29040553417739,4.38509807605157,4.654886762982606,2305.047,1.3389145230206971,66.94572615103486,Degrading,0.0,Short
B0005,143,24,2847.437,3.4754777099091454,0.23268564565922872,2.668286095904868,4.196207586734141,0.00020812700955198768,-1.6937809113323188,0.7343985203891996,33.61961195858585,41.22740227746052,4.3315046908749135,4.639183381608167,2305.516,1.3340066759761655,66.70033379880827,Degrading,0.0,Short
B0005,144,24,2847.36,3.4722884821666766,0.23410417256729069,2.6490198126838553,4.195534582569042,0.0002070948602756469,-1.6869434054016965,0.7406453707024624,33.3945201718652,41.04619550953222,4.355772728473297,4.615293273324765,2286.938,1.3286444309174914,66.43222154587457,Degrading,0.0,Short
B0005,145,24,2837.328,3.471373665098864,0.23334669694409094,2.664058512378051,4.1957439573980455,0.00020626311370021787,-1.6860649112944592,0.7415168583920652,33.16734508187535,40.85874389007758,4.389640806041505,4.593397922635683,2277.0,1.3231708992276219,66.1585449613811,Degrading,0.0,Short
B0005,146,24,2837.281,3.4726160162875095,0.2313300011614801,2.6883611693898826,4.19586805747139,0.00020428189874652174,-1.6795829780331424,0.7474505249209339,33.10962161613893,40.79196924883506,4.41254377922931,4.575873731653439,2277.484,1.3181691588445197,65.90845794222598,Degrading,0.0,Short
B0005,147,24,2838.515,3.4738146874457896,0.23107179563833466,2.6869753836302124,4.195347750909715,0.00020499037888485776,-1.679793840292355,0.7476125202754746,33.46501751186519,41.14127834456325,4.41399055456936,4.5796484992476945,2277.281,1.3184664436640334,65.92332218320168,Degrading,0.0,Short
B0005,148,24,2828.328,3.4701426486639693,0.23433499047226858,2.6507536817766586,4.196065828878837,0.00020824910984373014,-1.6851739865098712,0.7426401126844396,33.4426191014044,41.14429319149828,4.405907457499604,4.575742383103893,2267.875,1.318293040102702,65.9146520051351,Degrading,0.0,Short
B0005,149,24,2838.265,3.467523652225441,0.22993104314578544,2.6646322789106516,4.184534803011309,0.0002051331085481684,-1.6863812036302581,0.7416010886402903,33.037928170775885,40.66184230912503,4.378936217766459,4.591918126979543,2287.047,1.323872422244268,66.19362111221339,Degrading,0.0,Short
B0005,150,24,2864.547,3.4767525840839255,0.23540364113204323,2.6400211837268666,4.201240476440081,0.0002175955623613637,-1.715777469309528,0.7135712492118176,33.4949493613756,41.046694544970684,4.298521877619114,4.7386159499431155,2351.953,1.3601216766554785,68.00608383277392,Degrading,0.0,Short
B0005,151,24,2846.39,3.4758956827369127,0.23141450235644928,2.674198661305034,4.195703567262997,0.00021140072948465575,-1.7007216920098716,0.7281444869556635,33.491363029025784,41.0462053156659,4.320694493018863,4.661445466006963,2314.89,1.3395306867947354,66.97653433973677,Degrading,0.0,Short
B0005,152,24,2837.969,3.475812179626641,0.22982866330880042,2.696427051131168,4.195744519551191,0.00020841305149316662,-1.6928138295817332,0.7355491829025723,33.329808599922345,40.868302643225604,4.3265778248452476,4.621676220581529,2296.344,1.3290286565120697,66.45143282560349,Degrading,0.0,Short
B0005,153,24,2838.156,3.4746554404904435,0.23034104902999514,2.6928340297696836,4.196363050482315,0.00020703350287497131,-1.6861104874993165,0.7415448385525264,33.27302769298771,40.85283588259973,4.342373783875506,4.60009947781392,2286.891,1.3236741274998955,66.18370637499478,Degrading,0.0,Short
B0005,154,24,2829.843,3.472301781313945,0.23135728351469487,2.681747855329962,4.1957929878569455,0.00020722184274895992,-1.685043785043406,0.7425021379234665,33.229879126701434,40.85270645265791,4.372506036726199,4.578908952211672,2277.984,1.318633896753293,65.93169483766465,Degrading,0.0,Short
B0005,155,24,2829.625,3.4729305773503527,0.23009227143713637,2.696791414385091,4.195797286482793,0.00020527928123840471,-1.678524839793589,0.7485063258578094,33.20860833999321,40.8263251809212,4.375591656512413,4.5601627455345985,2268.578,1.3134751321324272,65.67375660662135,Degrading,0.0,Short
B0005,156,24,2819.437,3.4696192030612285,0.23314646442584394,2.664695973142795,4.196349384378125,0.0002083132763379147,-1.6839115230941766,0.7436617614037866,33.236115055926255,40.90308836809665,4.397428370935168,4.556156460489332,2268.391,1.3132020634442203,65.66010317221101,Degrading,0.0,Short
B0005,157,24,2819.579,3.470018470757559,0.2319010543734744,2.679191623358613,4.195609431921248,0.00020615775758025078,-1.6773783325850857,0.749467869640777,33.18660088296571,40.84337405460518,4.3975602464184975,4.536387367994077,2258.657,1.3077959946944353,65.38979973472176,Degrading,0.0,Short
B0005,158,24,2810.672,3.470762691935287,0.23041567165870697,2.699983457940659,4.195339917236225,0.0002054723781411582,-1.676425373206175,0.7504749213693337,33.174058099115534,40.81792110626284,4.403923127546659,4.519646105396642,2249.859,1.3030329186405918,65.1516459320296,Degrading,0.0,Short
B0005,159,24,2811.485,3.468111467035994,0.232919708838876,2.666300786624286,4.1954020570061195,0.00020712002608309278,-1.67627880896028,0.7506572509412427,33.253984518546055,40.946993847659506,4.4204604450448715,4.518332917383193,2250.5,1.3033573559038205,65.16786779519103,Degrading,0.0,Short
B0005,160,24,2802.422,3.4648625780221494,0.2358919511891503,2.6308501373847837,4.195685302232799,0.00021004893364417394,-1.6817992883033976,0.7455663662944304,33.3198093248819,41.074938058306316,4.448685891734653,4.515710618127537,2241.078,1.3034100438655642,65.17050219327821,Degrading,0.0,Short
B0005,161,24,2801.625,3.467864133752208,0.23263190858264068,2.673348140468748,4.195561297751176,0.0002072553914102159,-1.6750812261110137,0.7514866168761039,33.33765795318198,41.02476444658572,4.4180440266599135,4.498416000540264,2240.797,1.2978870806495706,64.89435403247853,Critical,0.0,Short
B0005,162,24,2802.031,3.464021404592563,0.2358468286065869,2.632763831012711,4.196066962029683,0.00020883537967752964,-1.675366426273468,0.7513142100782045,33.29076744042025,41.06214198725253,4.452871364364479,4.495092195696156,2231.562,1.2980735056918902,64.90367528459451,Critical,0.0,Short
B0005,163,24,2793.39,3.4664623858156745,0.23332688158658493,2.6687371180046218,4.196640912532072,0.0002080197933855703,-1.6744879201095209,0.7524291600776425,33.27568841807217,40.98366325567302,4.4397651815234,4.480587160854472,2232.203,1.293463613844243,64.67318069221216,Critical,0.0,Short
B0005,164,24,2793.39,3.46850906693551,0.2310130188837717,2.696396337945361,4.1956235749123225,0.0002056399364423247,-1.6674467270234996,0.7584698210792726,33.32067807371405,40.98234242711097,4.41924833390441,4.462561539360953,2222.625,1.288003392619118,64.4001696309559,Critical,0.0,Short
B0005,165,24,2792.485,3.466806213058136,0.2324429767597101,2.6794834862925194,4.195862008850563,0.00020651029600666053,-1.6674702882406252,0.7586689544577084,33.37314972896719,41.06375085817118,4.432728785638638,4.458954972949582,2222.094,1.2874525221379407,64.37262610689703,Critical,0.0,Short
B0005,166,24,2802.016,3.471070722008039,0.2297938191642851,2.6787137407179737,4.18482689434833,0.00021037064774238982,-1.6888978346592105,0.739392013708175,33.71351889594897,41.047029587744966,4.153195340111811,4.547121975075507,2260.453,1.3090153642307354,65.45076821153677,Degrading,0.0,Short
B0005,167,24,2820.39,3.475472204020004,0.23559285682799622,2.655378369801326,4.201968615940368,0.00021700233910157906,-1.6979281889133206,0.7314040443688112,33.86531768239223,41.051007697556734,4.009191205685926,4.6112125267366455,2288.687,1.3250793286429356,66.25396643214678,Degrading,0.0,Short
B0006,0,24,3690.234,3.556946061827572,0.2260193210975841,2.4757677568281857,4.179823027658306,0.0004617679666127571,-1.990533350635129,0.2014980448792201,32.142777859921516,39.16298653238707,3.4516879795744755,7.259532673353608,3608.594,2.035337591005598,101.7668795502799,Healthy,108.0,Long
B0006,1,24,3672.344,3.56147580138708,0.23141504289722925,2.35152551190002,4.177288238505559,0.000497165496098824,-1.990277542145709,0.2019092784154672,32.29307515705474,39.2462026826329,3.3954199016861684,7.233468610780376,3590.797,2.0251402460314116,101.25701230157058,Healthy,107.0,Long
B0006,2,24,3651.641,3.5667524696413215,0.22354896090021636,2.4404797151065436,4.1781213228922995,0.0004757630214721944,-1.9899467848963859,0.20247271551126877,32.24414709253608,38.999202460252846,3.3498112511075084,7.2024172506399236,3590.594,2.013326371345464,100.6663185672732,Healthy,106.0,Long
B0006,3,24,3631.563,3.5687953371516272,0.22097908742082084,2.4791558539003917,4.1785623580417175,0.00046790173767720866,-1.9896009282099438,0.202976043273228,32.14711742429942,38.843627771866515,3.34097552798371,7.165866619640587,3570.532,2.0132846655407413,100.66423327703706,Healthy,105.0,Long
B0006,4,24,3629.172,3.563970503289941,0.23503509475204634,2.280187848173442,4.17824995156942,0.0005229368583891359,-1.9895483606575701,0.20279390598185937,32.06687277315468,38.97798888258284,3.335733628730513,7.151825619514958,3547.922,2.000528337624771,100.02641688123855,Healthy,104.0,Long
B0006,5,24,3652.281,3.5735512387791406,0.22547907676393128,2.4392842568466446,4.193216523251186,0.0004802292776499238,-1.9901040351037365,0.2022953831615659,32.03447836207717,38.83989920742278,3.4066857624064704,7.217636568934659,3591.188,2.0138990759931645,100.69495379965822,Healthy,103.0,Long
B0006,6,24,3650.828,3.5711391343785897,0.2359700655161548,2.2812068449406446,4.193732603145628,0.0005238462190627933,-1.9900886222380372,0.20215665889240747,32.11157496697372,39.04610837498471,3.418111771999715,7.210316640128026,3569.391,2.013101105626967,100.65505528134835,Healthy,102.0,Long
B0006,7,24,3572.453,3.5681507462163036,0.22690300607421549,2.366410527029613,4.176826628115461,0.0005067711460684992,-1.9891170520197212,0.20448152340391518,32.112576242471775,38.87507521022778,3.361489124744099,7.047530492990164,3511.578,1.9687898262728398,98.439491313642,Healthy,101.0,Long
B0006,8,24,3550.594,3.5692834155812436,0.2225588245195615,2.436020049578708,4.176369138969733,0.0004901006632811674,-1.9892116643905464,0.20469906582242786,32.03566207329278,38.7260539826455,3.3625006565584763,7.006928974989669,3489.594,1.9681661764334244,98.40830882167123,Healthy,100.0,Long
B0006,9,24,3551.25,3.563388513484579,0.24025262256048352,2.1864377487643725,4.176897989902666,0.0005604956680431661,-1.989191243247005,0.20487136240289794,31.99527968872302,38.98629728904917,3.385578589102732,6.997027828770137,3470.047,1.9572307917560536,97.86153958780268,Healthy,99.0,Long
B0006,10,24,3530.25,3.566658719765511,0.2287529216435241,2.3406023605912454,4.177579509962451,0.0005203532750856754,-1.9891317699701738,0.20545737080452486,31.874127571841353,38.65978861919643,3.3793205188021544,6.962031846687854,3469.563,1.9455991514129352,97.27995757064676,Healthy,98.0,Long
B0006,11,24,3491.016,3.5687035970122842,0.2245021597962224,2.4263021374140443,4.177996110793395,0.0005017360392736844,-1.9887805507702212,0.20658439837520928,32.120959708576166,38.84979195732924,3.3808182139223475,6.887138702095809,3430.375,1.9347505044841131,96.73752522420565,Healthy,97.0,Long
B0006,12,24,3470.281,3.569207084156356,0.22161053340015757,2.4753697700007034,4.176316409477926,0.0004900913566324329,-1.9887320866401275,0.20729429121144527,32.11021168908644,38.75128344015104,3.3388085030048718,6.847354848477563,3409.75,1.9232799539368028,96.16399769684014,Healthy,96.0,Long
B0006,13,24,3470.0,3.5659271296109383,0.22991046226842987,2.342364523655007,4.1779924550101715,0.00052893938665431,-1.9887200290368634,0.20720696558261123,31.989061278918154,38.76853764058789,3.374254229146447,6.840713677434523,3409.656,1.911889930948487,95.59449654742434,Healthy,95.0,Long
B0006,14,24,3450.297,3.5612417270649486,0.24035876978340462,2.188400081882664,4.177439981618572,0.0005763742784450013,-1.9887874042287874,0.2076990497369646,31.878814448635442,38.84686112344348,3.4094253817648514,6.793793461606306,3370.094,1.9010667141979305,95.05333570989653,Healthy,94.0,Long
B0006,15,24,3429.407,3.557881987836072,0.24452370921534203,2.1206980945954057,4.17561570814845,0.0005991680719080442,-1.9885910895930397,0.20803603116200292,31.767450711024402,38.865889781652804,3.442042131356067,6.7456949265554975,3349.297,1.8891989948061458,94.4599497403073,Healthy,93.0,Long
B0006,16,24,3409.484,3.56282437243777,0.22899254958827592,2.369981457799298,4.177602520456299,0.0005301051029754641,-1.9884892463229662,0.20896148657331484,31.78991634963658,38.647578733807656,3.4218510147625074,6.715428290172565,3349.641,1.878278372248849,93.91391861244244,Healthy,92.0,Long
B0006,17,24,3390.422,3.5591953280168633,0.2362539061879907,2.247991649924625,4.176354539745044,0.0005687678082021704,-1.9883474274444874,0.20936627777425315,31.82883467218067,38.79218188173866,3.438861518594519,6.671003147341871,3330.344,1.8675697161520206,93.37848580760102,Healthy,91.0,Long
B0006,18,24,3390.281,3.5580906165580983,0.23248821605250242,2.4115317107898875,4.177450270459645,0.00038128996029885626,-1.9774549866256104,0.2555143974441181,31.890449470827843,38.77022223929529,3.452471732465585,6.649157909557736,3310.219,1.8675892574453767,93.37946287226883,Healthy,90.0,Long
B0006,19,24,3591.734,3.565899462157853,0.23666435566343638,2.2033558468593775,4.174584178175673,0.0005488235852978799,-1.9892347833261184,0.20388604102481026,31.51177053595285,37.54320599748628,3.103623335557848,7.081678004979797,3510.406,1.979626548250818,98.98132741254089,Healthy,89.0,Long
B0006,20,24,3552.297,3.570814209348872,0.22578171830729027,2.35887751155593,4.175224020262452,0.0005113160607647734,-1.9890474874073771,0.2051049765214555,31.874488497680712,37.90362577530197,3.1350663437202995,7.012938248506369,3491.235,1.9575499080884022,97.87749540442012,Healthy,88.0,Long
B0006,21,24,3531.578,3.5666817833633124,0.23460941833641036,2.218672914041916,4.177217300859919,0.0005545805265572509,-1.988682950523383,0.2054837524109853,31.53911453638972,37.6701605139887,3.1381261956274136,6.963524813088768,3470.828,1.9458150170787551,97.29075085393775,Healthy,87.0,Long
B0006,22,24,3492.907,3.5668392745025836,0.2275721037589103,2.339723057947995,4.176681511062203,0.0005258632583845079,-1.9885447318884866,0.20672257429749546,31.220866832188786,37.34166959188387,3.158169521103049,6.886787836432937,3432.297,1.9242461121680094,96.21230560840047,Healthy,86.0,Long
B0006,23,24,3511.594,3.571051969392875,0.22747354651355792,2.3997508208942735,4.190384318239257,0.0005098130350595665,-1.9885639445355097,0.205949863235092,31.119005145018026,37.28979017254232,3.191016881727366,6.931312025188277,3450.781,1.9459811331421641,97.29905665710821,Healthy,85.0,Long
B0006,24,24,3431.9370000000054,3.5666308474029793,0.22068728350290212,2.491410879472442,4.176973413125379,0.0004911402900615407,-1.9880563928902786,0.2082194776973129,31.033244078156734,37.16794481484507,3.1782747530407116,6.764569545110991,3371.797000000006,1.901407930553079,95.07039652765395,Healthy,84.0,Long
B0006,25,24,3431.125,3.5527392240854914,0.24761140866112302,2.1387303309558976,4.1734521552365464,0.0004099311934553201,-1.9772969675547487,0.254357010276143,31.001249222460967,37.51577848501052,3.2517471075044155,6.718419901668035,3330.891,1.878674213680085,93.93371068400424,Healthy,83.0,Long
B0006,26,24,3412.406,3.5560959755046615,0.23504747924467745,2.346064498302046,4.1764585468168685,0.000392827152426063,-1.9771693646864965,0.25515829145991487,30.921434744041356,37.24165964092258,3.2514088568578026,6.688005446379005,3332.343,1.8683061328264219,93.4153066413211,Healthy,82.0,Long
B0006,27,24,3410.688,3.5504500858303394,0.24060676598781225,2.327337743316428,4.17626102066065,0.0003658694039177846,-1.9660385076397233,0.2937138458930206,30.929360248207214,37.27233216178077,3.2941943415901576,6.640085200741396,3310.531,1.8560244070082998,92.801220350415,Healthy,81.0,Long
B0006,28,24,3410.718,3.546007083640312,0.23544926884929754,2.4863117233366316,4.172855540858831,0.00032126362609697485,-1.9445990482746272,0.35770783733733696,31.00810965793079,37.207134503019795,3.341032131000837,6.563769597032893,3270.734,1.8451997961855777,92.25998980927889,Healthy,80.0,Long
B0006,29,24,3392.719,3.554257954720065,0.24271286255725477,2.2921663510920895,4.1881878017349035,0.0004034012881376478,-1.9769156942357176,0.25589338077612045,30.96779499306422,37.49607769896255,3.31669361949765,6.645030700311289,3312.734,1.857228890885317,92.86144454426585,Healthy,79.0,Long
B0006,30,24,3470.672,3.555857469677978,0.22078536256948547,2.4343006861812118,4.189991619197343,0.0005058099232968921,-1.9997552547832569,0.14700435354987934,31.10097217303459,37.250073961181094,3.2531629586518043,6.858742333318888,3402.797,1.9247760889090635,96.23880444545317,Healthy,78.0,Long
B0006,31,24,3414.109,3.5537306734803207,0.22368965836687763,2.472619908000758,4.186982490201218,0.00037145039079251093,-1.9884344406296768,0.20901478223207898,31.307368922041046,37.39699052067588,3.156544785963643,6.717291283849604,3327.375,1.8822317526092551,94.11158763046275,Healthy,77.0,Long
B0006,32,24,3395.219,3.5452650003621513,0.23215332099258618,2.403422072720937,4.1864831065416155,0.0003571132316949852,-1.9771310999966942,0.25597312110332004,31.131339987164562,37.2852066420257,3.2111654279221145,6.631043625317636,3289.156,1.855276687885587,92.76383439427936,Healthy,76.0,Long
B0006,33,24,3386.0,3.538408778928339,0.23624667070508096,2.4006679782182205,4.187721936001791,0.0003408870127930403,-1.965705768920947,0.29518219456583883,30.828713779105055,37.080390421974414,3.273173572550457,6.566620456818436,3260.953,1.8392508917181876,91.96254458590938,Healthy,75.0,Long
B0006,34,24,3368.187,3.5297688311332673,0.2439099480182485,2.3194299432177345,4.184171356892756,0.00033319284182033214,-1.9542494702422435,0.3301024928060525,30.761533072057244,36.98024266357476,3.26325912224477,6.4829128009599115,3214.953,1.8185396073994429,90.92698036997214,Healthy,74.0,Long
B0006,35,24,3368.266,3.5300676840423306,0.244307450843308,2.3401731734980076,4.186779863144672,0.00032666138123351086,-1.9490605727432448,0.3456683188151143,31.30305692941581,37.598741245467004,3.3257051599027356,6.467987223304602,3205.031,1.8134770059567056,90.67385029783527,Healthy,73.0,Long
B0006,36,24,3358.719,3.5248882875629555,0.24375960384087478,2.3829603510808774,4.186482965601712,0.000312207570328541,-1.9373547119632697,0.3750698159946979,31.06432144678013,37.33680914521836,3.3542974150774905,6.403849764167238,3176.516,1.7971018450305436,89.85509225152718,Healthy,72.0,Long
B0006,37,24,3339.5,3.5190926887152725,0.24666463745510467,2.351855540704836,4.184741677172267,0.00030975371618939974,-1.9312604088713479,0.38980058555195723,30.96654665282149,37.39499820465976,3.4007883405434325,6.338750790738973,3148.078,1.7810046294120476,89.05023147060238,Healthy,71.0,Medium
B0006,38,24,3331.265,3.5151810230271,0.24783168845894557,2.3535104841115886,4.186114015167315,0.00030383520697518815,-1.925413982519257,0.4032503267568939,30.826455697992966,37.35233964342659,3.473951745369301,6.29760583116398,3130.25,1.7710130422682329,88.55065211341164,Healthy,70.0,Medium
B0006,39,24,3321.188,3.514029112834162,0.24620396352215285,2.3948058223938364,4.186378094589789,0.0002977261788723676,-1.9198444871883995,0.4166720426682412,31.080769482413952,37.58677381866742,3.524616662385745,6.258739634429371,3110.906,1.7604712448170943,88.02356224085472,Healthy,69.0,Medium
B0006,40,24,3321.844,3.514139684003936,0.24380262902937214,2.4418858444380294,4.185742966026202,0.00028841948709357776,-1.908733158939213,0.4405439902279281,31.694287817425337,38.207044569893476,3.541321887482378,6.225215277391307,3092.329,1.7502913788006587,87.51456894003293,Healthy,68.0,Medium
B0006,41,24,3311.828,3.509578354212467,0.24822681012659126,2.391848815367812,4.1849954235358595,0.0002880999077806658,-1.90276801874341,0.4523465874192101,31.875581783696685,38.340431886092745,3.5260807752049357,6.181350631805279,3063.625,1.7394925037732578,86.97462518866288,Healthy,67.0,Medium
B0006,42,24,3327.391,3.5110708693292705,0.2572766067465748,2.3166154227865463,4.175622772952551,0.0002932798448990961,-1.9093247566511207,0.43888773455084645,31.543288143901563,38.521539672721865,3.634659703403752,6.229024305427443,3109.859,1.7546766553637203,87.73383276818602,Healthy,66.0,Medium
B0006,43,24,3312.078,3.5159179315855056,0.24598521855518196,2.4110989960643794,4.191704957733779,0.0003024533215294469,-1.9306372167933323,0.3913947338973055,31.420983409991024,38.03707160241571,3.5081719161772016,6.277252504305007,3111.5,1.7659390941842175,88.29695470921088,Healthy,65.0,Medium
B0006,44,24,3293.172,3.50585340727078,0.24431167408297183,2.4510125175432287,4.185468369564667,0.0002840593892648997,-1.907114151507875,0.4422052936741676,31.15837149963786,37.934285687720596,3.6256374299154595,6.150198549282981,3054.469,1.7337887419624838,86.68943709812419,Healthy,64.0,Medium
B0006,45,24,3275.328,3.5010379345914444,0.2435154606775506,2.471216186082459,4.184201889006967,0.0002771456879854467,-1.8953541357988335,0.4660772511913581,31.15661421699882,37.88470784051604,3.66886365748169,6.071234224049486,3017.39,1.713325912040734,85.6662956020367,Healthy,63.0,Medium
B0006,46,24,3265.016,3.497407662636496,0.24459591902905917,2.470968641396993,4.185838836583766,0.00027451150516009,-1.8892713805954209,0.4777097893062262,31.206611383963253,38.065368726791895,3.719915578953458,6.02729323530815,2997.719,1.7024077813673466,85.12038906836733,Healthy,62.0,Medium
B0006,47,24,3328.937,3.5388872766749144,0.23098677589569044,2.4288023941361625,4.1729165619005535,0.0003718799370705208,-1.9819359924929794,0.23645151610760437,33.61169282822636,39.788440481350335,3.1543964421418815,6.504119410839673,3223.297,1.82371946178183,91.1859730890915,Healthy,61.0,Medium
B0006,48,24,3329.266,3.5327430295356828,0.24180188757564916,2.3551430866643166,4.186982012423103,0.00035248728052255995,-1.9653277079992455,0.2976263378401198,32.85630077141311,39.212903178007906,3.3014338549444924,6.446804092766897,3195.266,1.8081284050314708,90.40642025157354,Healthy,60.0,Medium
B0006,49,24,3301.579,3.521214759733266,0.2452054406792465,2.365933525789291,4.186537777937825,0.00032964401827356374,-1.9470636598230844,0.3489537540343098,32.210981559158874,38.66937823121345,3.4005903322527105,6.31795328454014,3139.063,1.7757610945034283,88.78805472517142,Healthy,59.0,Medium
B0006,50,24,3283.563,3.5093111439506677,0.248638831497769,2.3481961394586457,4.182282350256796,0.0003090836415093616,-1.9241628426386395,0.40618903288986047,31.965090081650274,38.5170065164806,3.5201708513727663,6.1942812892745245,3073.703,1.7447409841836798,87.237049209184,Healthy,58.0,Medium
B0006,51,24,3275.125,3.50716091973708,0.24245866501899874,2.46945948630322,4.185961817428056,0.0002922216661830565,-1.9124470439353747,0.43177529573802614,31.744801840189538,38.292505299491516,3.5757503955650507,6.135757389855395,3055.36,1.729207034132373,86.46035170661865,Healthy,57.0,Medium
B0006,52,24,3265.656,3.500928918686389,0.24306097840857094,2.4666715880697576,4.1836566973224585,0.0002829456835834761,-1.8950209973545986,0.4667188589869889,31.876564068962466,38.52091685291118,3.6558828773689824,6.054235157069178,3017.344,1.7081086552553244,85.40543276276622,Healthy,56.0,Medium
B0006,53,24,3266.093,3.4973019898820894,0.2453760679343642,2.4482931262785135,4.184390004467988,0.00027767498649840884,-1.8837082435178907,0.48819038959426053,32.24289319481841,38.95436345473558,3.672889296106637,6.013344143532257,2988.843,1.6975954237461768,84.87977118730883,Healthy,55.0,Medium
B0006,54,24,3257.594,3.4929038301187156,0.24387936455970977,2.4745215382882586,4.184732708741646,0.00026865109845373574,-1.8716651994380054,0.508922907014493,32.07305565938816,38.731363854696035,3.6834438401651113,5.951295826092729,2961.297,1.6820634524029463,84.10317262014732,Healthy,54.0,Medium
B0006,55,24,3248.593,3.488659224822318,0.24489747465620212,2.469127855241356,4.185835940524748,0.000265619652640205,-1.8654809345089407,0.5191412899392004,32.030140929891196,38.74827601131975,3.7478860406495396,5.906953289300361,2942.359,1.6714768322295086,83.57384161147543,Healthy,53.0,Medium
B0006,56,24,3238.766,3.4822930804774015,0.24894941761288453,2.4177173347922416,4.185703389994729,0.0002650851261787719,-1.8592903578575999,0.5292867036601664,31.984935871368258,38.84227056628921,3.8030419719405057,5.860045546935781,2913.766,1.6607591387047655,83.03795693523827,Healthy,52.0,Medium
B0006,57,24,3240.14,3.477575664197982,0.25149169273248084,2.3775131079338427,4.184887437252902,0.0002617365131996092,-1.848156298789804,0.5476209059238868,32.23677365476226,39.221381996208315,3.8864318857653655,5.820727565447038,2895.89,1.651121015038069,82.55605075190346,Healthy,51.0,Medium
B0006,58,24,3230.109,3.4787436506489255,0.24743822906353016,2.443723814618984,4.1845671326128535,0.00025642708045363707,-1.8415742473538441,0.5572043810030383,32.56097148037261,39.466510899162515,3.7845576572627713,5.7824622216409205,2876.593,1.6401349256190927,82.00674628095463,Healthy,50.0,Medium
B0006,59,24,3229.7810000000027,3.4740152461288862,0.24781476646180828,2.4324278256917147,4.184590722398005,0.0002517162047632172,-1.8297533943331723,0.5744007772604264,32.48984985901219,39.352653481724175,3.835762334103568,5.736645120847621,2857.109,1.6291999416165441,81.45999708082721,Healthy,49.0,Medium
B0006,60,24,3212.469,3.4718387718772696,0.24226020864399292,2.494085641889116,4.181227276564003,0.00024437634757311935,-1.8170860697729954,0.59213769752695,32.42612199208859,39.31890647034385,3.8710134033093055,5.660108913595565,2820.687,1.6088496302961666,80.44248151480832,Healthy,48.0,Medium
B0006,61,24,3213.219,3.463180130644551,0.25041818458745746,2.382347172890769,4.182601669503782,0.00024541245853210706,-1.8111560774496664,0.6001337686853253,32.29984271249387,39.47196886600465,3.9277765847941004,5.629170806755964,2801.657,1.6035244898969248,80.17622449484624,Healthy,47.0,Medium
B0006,62,24,3203.578,3.463469391967206,0.24879153893443376,2.406668297987779,4.183991041340736,0.000245352062745807,-1.8113056300795982,0.600869683312538,32.610757585145336,39.74009698783903,4.013744044379012,5.613265378160054,2792.641,1.5989712144027983,79.94856072013991,Degrading,46.0,Medium
B0006,63,24,3195.125,3.46021805164007,0.24872123545615055,2.4204142690378765,4.182425008087469,0.00023974084749588223,-1.803802475704306,0.609256745218589,32.25699351958767,39.03600072360686,3.6982862582092104,5.565884051451248,2764.547,1.5876273123575604,79.38136561787802,Degrading,45.0,Medium
B0006,64,24,3195.3129999999946,3.462574876665621,0.24661339893460255,2.4507845245525193,4.190985194174346,0.0002420531777296899,-1.7982439953659044,0.6170700333090209,32.47193402838835,39.16106395962828,3.78790549192839,5.554078926631059,2764.827999999994,1.5829719744686166,79.14859872343084,Degrading,44.0,Medium
B0006,65,24,3186.297,3.4537077937586056,0.24848682009830836,2.3930328819230717,4.181860480163402,0.00023667632367992424,-1.7857963808615818,0.6325019447665697,32.40219271195366,39.20051799483514,3.8463769615603374,5.484852293943405,2727.407,1.567137636713563,78.35688183567815,Degrading,43.0,Medium
B0006,66,24,3176.438,3.4514035349888337,0.24884801817648583,2.3938995980718403,4.183449364094532,0.00023567440263327704,-1.7850748194527644,0.6334473857166003,32.30987415652578,39.15878418316098,3.8820938385045634,5.459349243870988,2717.219,1.5613446139713882,78.06723069856942,Degrading,42.0,Medium
B0006,67,24,3167.593,3.450781146333252,0.24531300054344063,2.4373294683003053,4.182943907496545,0.0002317997382880902,-1.7785916660457872,0.6414164907293518,32.35440526839345,39.18225956809825,3.903699189649736,5.4210010856609046,2698.781,1.5511711892790419,77.5585594639521,Degrading,41.0,Medium
B0006,68,24,3167.719,3.446105572450592,0.249252351248828,2.3705330061374523,4.182592999177517,0.00023216986319544408,-1.7727874712030285,0.6485964889257356,32.4731363791227,39.38159156766375,3.9310242954599364,5.396674282144139,2679.625,1.5406741606295171,77.03370803147585,Degrading,40.0,Medium
B0006,69,24,3159.077999999994,3.4418152533277144,0.24876521050750453,2.351294851260762,4.1775564354981025,0.00022864334449037782,-1.7601807681971697,0.6631565458391762,32.52334649341759,39.44712875501599,3.938262085403885,5.336382318493199,2652.172000000006,1.5253138744624433,76.26569372312217,Degrading,39.0,Medium
B0006,70,24,3148.829,3.445008015985666,0.24479137176910862,2.436845595522602,4.183199732433941,0.0002270459652139911,-1.7653027883569699,0.6571846357909039,32.518264823491045,39.40950590627068,3.9548553266160913,5.335865243491626,2660.954,1.5301570318067428,76.50785159033714,Degrading,38.0,Medium
B0006,71,24,3149.094,3.441164687975023,0.2475013732087286,2.39030487147494,4.183585552184287,0.00022613637683693548,-1.7593486488770236,0.6641591087376718,32.5437072434024,39.48443326993031,3.9769918282845635,5.311039208920566,2641.594,1.5246566834474087,76.23283417237043,Degrading,37.0,Medium
B0006,72,24,3140.547,3.443620591429828,0.2406026011996967,2.4892160721496315,4.183170360974043,0.00022124530289852895,-1.7526167898737661,0.6716629492050046,32.562223096007365,39.4416762582387,3.975934247345534,5.2757208998800795,2632.844,1.5145492986655427,75.72746493327713,Degrading,36.0,Medium
B0006,73,24,3131.625,3.439943269617906,0.24316998214821461,2.450611393803655,4.183501501534186,0.00022197192072251443,-1.7516949849801624,0.6726373836789596,32.58978020040808,39.53866201326228,4.000898498406376,5.252067186141771,2614.64,1.509391504602082,75.4695752301041,Degrading,35.0,Medium
B0006,74,24,3121.907,3.43602719305159,0.24559891719465526,2.4111946043456745,4.183243008796117,0.00022268739248759457,-1.7510429704034998,0.6733747307759468,32.57089563557426,39.5867547936938,4.02666129809132,5.227603531545398,2604.719,1.5039974333050705,75.19987166525353,Degrading,34.0,Medium
B0006,75,24,3122.125,3.436309312279291,0.2415711613630848,2.4609139768640715,4.182038001412004,0.00021780846918596674,-1.7388746112390865,0.6864768027433327,32.537854347094196,39.499752884420865,4.020828997942116,5.188705680877489,2586.046,1.4935201918040188,74.67600959020095,Degrading,33.0,Medium
B0006,76,24,3121.672,3.430470227771154,0.24728531582711172,2.378420264362521,4.182440318401142,0.0002164448956727686,-1.738622547139575,0.6863796794736801,32.65645090520509,39.9686395722832,4.103220643198136,5.176852663340739,2575.782,1.4876323024497422,74.3816151224871,Degrading,32.0,Medium
B0006,77,24,3120.86,3.4417311090871063,0.25068575483973593,2.3844697219937414,4.189962701965466,0.00023349059115326449,-1.7870762809520677,0.6310954422556229,33.180785234653264,40.42668250871336,4.098677157793769,5.347694207569808,2661.328,1.5302876214401704,76.51438107200852,Degrading,31.0,Medium
B0006,78,24,3103.828,3.4355429213552537,0.24384503322302606,2.448639661640692,4.181214475643097,0.00022077084441426102,-1.7612682208672186,0.6615169962236325,32.71220835503141,40.02451449021777,4.174127825229612,5.2236271551117675,2605.141,1.5040760088360112,75.20380044180057,Degrading,30.0,Medium
B0006,79,24,3095.094,3.4272336842373576,0.24872769369277464,2.362869757217078,4.182157933832856,0.00022157148404722428,-1.7545532300777185,0.6692392427565726,32.543943889007906,40.02167483360719,4.293837140083576,5.176267519921574,2577.688,1.4887593608730894,74.43796804365446,Degrading,29.0,Medium
B0006,80,24,3095.781,3.4307536518687556,0.23981868986409427,2.479712742728869,4.1802491747767325,0.00021425789054330187,-1.7364250156958492,0.6892528926488453,32.6655410721976,40.078211781584145,4.279541188128675,5.122691134141608,2558.469,1.4782779285546637,73.91389642773318,Degrading,28.0,Medium
B0006,81,24,3094.328,3.430880434209888,0.2412584602938845,2.4609902569842412,4.182775550999248,0.00021599348690221933,-1.7371686757879778,0.6891473173604608,33.160922870564626,40.565789328351094,4.287969337587418,5.124880814442826,2558.063,1.478459982215684,73.9229991107842,Degrading,27.0,Medium
B0006,82,24,3086.531,3.431984614031654,0.2403918787539756,2.4794507375590507,4.182970513713943,0.00021546959584292142,-1.7358183569582517,0.6899134259363504,33.414445545408455,40.75221353269305,4.242923162320275,5.10775169767335,2549.547,1.473214844899973,73.66074224499864,Degrading,26.0,Medium
B0006,83,24,3085.625,3.426913589626702,0.24353313719762423,2.421513989921717,4.182588389688278,0.00021502506423921506,-1.7297302660430056,0.696447397100997,33.3541679486525,40.71162611325717,4.274654939428474,5.080220414114893,2539.125,1.4675164935067897,73.37582467533949,Degrading,25.0,Medium
B0006,84,24,3067.203,3.4220422356705154,0.24505211094966728,2.3927989623544175,4.180388252515709,0.00021478523028740974,-1.7278671098991139,0.698121088593313,33.13634596100404,40.58721297402195,4.272886579538151,5.035306011533541,2510.843,1.4516292657521335,72.58146328760667,Degrading,24.0,Medium
B0006,85,24,3058.157,3.4202687142856667,0.2445224118963859,2.410475236770924,4.182476201666448,0.00021289879221994163,-1.7269073147637581,0.6989995507446921,32.92241762841388,40.37035790264624,4.331246781656428,5.01283455939849,2502.235,1.4519237720967177,72.59618860483589,Degrading,23.0,Medium
B0006,86,24,3058.812,3.4248208106770663,0.23871895764328246,2.4915333699239977,4.182567814531136,0.00020982030240327033,-1.7211995934038338,0.705261585612315,33.20338483123576,40.667923693760464,4.359498212766225,5.00077374207361,2502.328,1.4471484694777745,72.35742347388873,Degrading,22.0,Medium
B0006,87,24,3058.578,3.4234990883192666,0.24156011251597115,2.444861994529003,4.182606347806988,0.00021152059193292667,-1.721141114732718,0.70520381156388,33.533950654066935,40.990356883952465,4.344683946650958,4.999696593563816,2502.078,1.4468538105659885,72.34269052829943,Degrading,21.0,Medium
B0006,88,24,3049.328,3.4247420964314874,0.2394044963910197,2.4840755398082255,4.183047552179642,0.00020998128219015507,-1.7200547727480755,0.7063056423778308,33.5767934055627,40.997744028174516,4.336933667265993,4.981262705788425,2492.953,1.4416741930284678,72.08370965142339,Degrading,20.0,Medium
B0006,89,24,3177.219,3.450702139255875,0.24986811906504275,2.479017302613424,4.222516216835943,0.0002264264692435561,-1.8210481343824243,0.5870046814200932,33.224088400657315,40.77265883698999,4.292984862195963,5.552979188490855,2764.828,1.5935866593100128,79.67933296550063,Degrading,19.0,Medium
B0006,90,24,3082.937,3.4480475429907522,0.24289182353294878,2.4820670710190385,4.1909374470770855,0.00023732756182076869,-1.821445703423604,0.5868021780918599,33.37083344726966,40.522204934304625,4.07675840902897,5.390978441072507,2689.437,1.5463902376915637,77.31951188457819,Degrading,18.0,Short
B0006,91,24,3074.266,3.4399481891896455,0.24242933169344988,2.452449045714353,4.183028520369727,0.00022581700914310832,-1.7899159936953069,0.6278130340643914,33.43366634309322,40.57746834859555,4.0943289069244875,5.266992055643804,2633.219,1.51470559175661,75.73527958783049,Degrading,17.0,Short
B0006,92,24,3066.0,3.434112914501242,0.24449013265629163,2.4198491932573414,4.1838942747302825,0.00022284139070668355,-1.7769345930773324,0.6433896249887968,33.28676739403043,40.516963879873735,4.148554523311033,5.2021678298567675,2595.797,1.4989786083335404,74.94893041667702,Degrading,16.0,Short
B0006,93,24,3056.437,3.4325600940363916,0.24110307279068668,2.4706823501191706,4.1839835007856605,0.00021749149557563738,-1.7640032117743045,0.6586649159229433,33.14347737377552,40.34325381638243,4.160423251021807,5.14159828204076,2567.187,1.4831110745410492,74.15555372705246,Degrading,15.0,Short
B0006,94,24,3048.219,3.4270614887575657,0.24425389866866307,2.413759774558071,4.183640209073579,0.0002171673489001703,-1.7571701008871028,0.666669840838828,33.11021541795579,40.39341126895154,4.218777608920164,5.098312631397127,2548.859,1.4729664825468278,73.6483241273414,Degrading,14.0,Short
B0006,95,24,3039.218,3.427340316812041,0.24148071569208399,2.4562499847243027,4.183387047926521,0.00021438655688060866,-1.7502670210777267,0.6742901923854049,33.18991802149879,40.46341487442664,4.226492089676788,5.061266947086572,2530.625,1.4627604396099307,73.13802198049653,Degrading,13.0,Short
B0006,96,24,3039.047,3.423482197888437,0.24464245573487717,2.401794655879554,4.18356344388626,0.00021408139990916164,-1.7439614243216512,0.6811805311767779,33.26265398635676,40.5818264138806,4.237392666333103,5.035816042514257,2520.344,1.4518364681062514,72.59182340531257,Degrading,12.0,Short
B0006,97,24,3030.375,3.4220957701069374,0.243681234330419,2.4087687236133313,4.18171248971767,0.00021206368071603675,-1.736850855663561,0.6887151482292208,33.299978841087025,40.61670777074496,4.240456106278274,4.9972295049197095,2502.531,1.4468670644030392,72.34335322015197,Degrading,11.0,Short
B0006,98,24,3021.0,3.421883545422636,0.24249235318123782,2.4308118485818704,4.1832473219705815,0.00021107252972537142,-1.7360045229798653,0.6896541510589468,33.31663547841367,40.631647661681036,4.260205034784692,4.975932506524653,2492.281,1.441380399427779,72.06901997138895,Degrading,10.0,Short
B0006,99,24,3021.75,3.4195777411151886,0.24428631492877723,2.398886415333129,4.183049768329545,0.0002099416435456663,-1.729690117077797,0.6962675710854851,33.39150630507064,40.74323383889164,4.280804367288263,4.955042720020617,2474.328,1.431210744960774,71.5605372480387,Degrading,9.0,Short
B0006,100,24,3012.265,3.4175281789596474,0.24533925383722666,2.3814379490849835,4.1830924980863315,0.00021003042354919292,-1.7287954627467013,0.697047878700166,33.41522427488497,40.81715493531611,4.299262709763484,4.933838616415427,2465.0,1.4260247179525716,71.30123589762857,Degrading,8.0,Short
B0006,101,24,3002.641,3.4197860540725715,0.24035187594624083,2.459885297095542,4.181536580807847,0.000206251652791492,-1.7216729981632184,0.7045973768027333,33.39690850726103,40.72877617289365,4.279105256934157,4.896686996165651,2455.234,1.420487649966195,71.02438249830975,Degrading,7.0,Short
B0006,102,24,3012.0,3.4171369298988705,0.24069187953555218,2.4007285025453995,4.172034399629829,0.00020360707339455692,-1.7228162229694663,0.703674489345141,33.73731993653,41.45494452672042,4.4640444489608955,4.9122243951975815,2464.547,1.4207006230355006,71.03503115177503,Degrading,6.0,Short
B0006,103,24,3020.11,3.4305347141293625,0.23954452760941822,2.472830716079143,4.188427549455566,0.00021424519409055985,-1.7486639022205694,0.6766364586222329,34.08965316576344,41.39678877103747,4.2491873703569984,5.0276616402312255,2521.032,1.452255804330839,72.61279021654194,Degrading,5.0,Short
B0006,104,24,3002.172000000006,3.4250844180972875,0.23920169814767764,2.467318928642863,4.181499335679726,0.0002078546826398466,-1.7345160724760178,0.6914329019224659,33.9987286593769,41.36669473718026,4.299417325493445,4.94452805577554,2474.5629999999946,1.431557632772571,71.57788163862855,Degrading,4.0,Short
B0006,105,24,2992.703,3.4171339862792935,0.24475701426966365,2.3692462667540997,4.179546243153898,0.000208354830788468,-1.7271570233190525,0.6989258053585963,33.907397114007345,41.37787352037061,4.346415144643425,4.894486735953604,2445.297,1.415015751158943,70.75078755794715,Degrading,3.0,Short
B0006,106,24,2964.468,3.417521467040602,0.2408080362142482,2.4482618595124874,4.18101558225098,0.00020760463673751565,-1.7305179027385762,0.6950775843262647,33.70518417605219,41.140956091698214,4.357781964328754,4.855992547052503,2436.14,1.4097311506517451,70.48655753258726,Degrading,2.0,Short
B0006,107,24,2983.375,3.4181623236680356,0.23985452319305442,2.4598632768748825,4.182667734360821,0.00020274246673289417,-1.7141443638380731,0.712645847764213,33.7458832944166,41.2168813199875,4.385409704614487,4.8369076517542595,2426.375,1.404917318129309,70.24586590646545,Degrading,1.0,Short
B0006,108,24,2975.297,3.420331935905118,0.23666693145105858,2.497869764845928,4.179947555799937,0.00020075327482333772,-1.7067823273466607,0.7197036155373028,34.01657212624259,41.40391881889191,4.352005984144061,4.8052696454978046,2409.141,1.395164296571563,69.75821482857815,Degrading,0.0,Short
B0006,109,24,2974.9850000000006,3.4192916311692465,0.2390286773610217,2.472236707252471,4.182316086490744,0.00020120274511522014,-1.7063596521950202,0.7197068332356091,34.175023374593785,41.586571331198584,4.354041697107458,4.801526654785816,2408.7810000000027,1.3945343832614077,69.72671916307038,Degrading,0.0,Short
B0006,110,24,2966.25,3.414352330355796,0.24221175414346538,2.4278749904763077,4.18300582450457,0.0002012063782700286,-1.7052696591517462,0.7206903789128402,33.976109677640174,41.43504077863728,4.382087060522724,4.775703115211149,2390.125,1.3893171179312644,69.46585589656323,Degrading,0.0,Short
B0006,111,24,2956.359,3.412701167144591,0.24220504327165968,2.4275905200235055,4.1825046060820625,0.0002007191608521149,-1.7046265574439607,0.7213952667094184,33.84150372451663,41.37436880579148,4.426438431004594,4.75356967215729,2379.89,1.3838379472327809,69.19189736163904,Degrading,0.0,Short
B0006,112,24,2956.344,3.410409522809144,0.24435718343921012,2.37337869163978,4.179533028548021,0.00020060690078326258,-1.6985503106996724,0.7278602667366414,34.1008464215818,41.66477948989921,4.429283182231005,4.7339209156334245,2370.516,1.3736814238195123,68.68407119097562,Degrading,0.0,Short
B0006,113,24,2956.406,3.414419320260644,0.24176595846391638,2.4248604132549767,4.18250512422575,0.00019957797182944018,-1.6982347588599789,0.7275938938122148,34.34663683304219,41.81816829502593,4.398555379640064,4.737337553037889,2379.859,1.3786059891863676,68.93029945931838,Degrading,0.0,Short
B0006,114,24,2947.266,3.4131710032395315,0.24223055603174873,2.426962848243194,4.1828227593786,0.00019895423622331662,-1.6971165805711328,0.7286470501073794,34.216231530637586,41.686647000781186,4.403435230805167,4.7173801003183184,2362.063,1.3737600299108574,68.68800149554288,Degrading,0.0,Short
B0006,115,24,2937.984,3.4107019261975147,0.24315982041013035,2.417287750352038,4.182413969607667,0.0001981546042677894,-1.6959199401004303,0.7299387135336083,34.041617020161176,41.565382893773936,4.427228658094671,4.693367988762856,2352.203,1.3682580583942712,68.41290291971356,Degrading,0.0,Short
B0006,116,24,2929.125,3.4089059214760367,0.24335348175106358,2.4185087281747166,4.182451170946608,0.00019737973522518246,-1.6953163120957457,0.7307162124593425,33.890212870710734,41.46394809540406,4.468195522374229,4.672791745349317,2342.953,1.3633024037317505,68.16512018658753,Degrading,0.0,Short
B0006,117,24,2928.454,3.4134080258317576,0.23910918351075655,2.480937393224248,4.181305580928812,0.00019494600289884817,-1.6890383512433216,0.7365985147966571,34.116762412437,41.6123634180086,4.440858026001165,4.659320521452227,2342.829,1.3580966140172601,67.904830700863,Degrading,0.0,Short
B0006,118,24,2929.375,3.411221044859532,0.24277811004383898,2.4078214169511205,4.1804870315884735,0.00019653537422365298,-1.689240311218937,0.7366705561751957,34.490493589415046,42.0075404495327,4.435836689713161,4.660109770220521,2333.843,1.353269090999531,67.66345454997655,Degrading,0.0,Short
B0006,119,24,2946.031,3.4155210852213678,0.23720200532883332,2.433234589649132,4.163570261072192,0.00019369472687203208,-1.7102007614808157,0.7162819617972487,34.23744800906639,41.61679232360952,4.2869335467351615,4.757037329543386,2389.75,1.3841605738237488,69.20802869118744,Degrading,0.0,Short
B0006,120,24,2955.438,3.4229838362549794,0.24143941002028121,2.440822893388958,4.190012868765637,0.00020428489293346369,-1.730244918610445,0.6962615132210175,34.41428886050454,41.80245062827161,4.32119435671904,4.843240753022356,2426.922,1.4051467790651473,70.25733895325736,Degrading,0.0,Short
B0006,121,24,2937.625,3.414757022019347,0.24413784898440827,2.396078253891397,4.182418011462176,0.00019844765436640398,-1.7152465923901479,0.7110232265703329,34.16445180476378,41.653004783464006,4.371208230317734,4.754836079332782,2380.266,1.378719022627353,68.93595113136764,Degrading,0.0,Short
B0006,122,24,2929.078,3.41435871627236,0.24152323402005177,2.449306948268824,4.182070839014939,0.00019414567425873669,-1.7013404928191733,0.7245002916787043,33.877146811272176,41.36061809844917,4.3976928116809235,4.695459322494514,2352.391,1.3682657783199066,68.41328891599532,Degrading,0.0,Short
B0006,123,24,2918.375,3.4091886698418046,0.2460496736273354,2.384185417166802,4.182701902443236,0.000195223789641466,-1.7004366132157598,0.7253678587355785,33.839566254190565,41.42815616511055,4.451653713060872,4.668777253561046,2342.078,1.3573151296618016,67.86575648309008,Degrading,0.0,Short
B0006,124,24,2919.812,3.411930366643558,0.24258968522569255,2.4440756213040964,4.182270325485355,0.00019151697546149028,-1.6873533635265776,0.7373003664947759,33.818304796930946,41.343265645039,4.430731206018662,4.634374282929831,2324.484,1.3524934638801596,67.62467319400798,Degrading,0.0,Short
B0006,125,24,2900.422,3.4094417183837504,0.24390756219118898,2.4296014294774673,4.182394535290608,0.00019302485451779195,-1.6919294969110734,0.7335386849531479,33.812621135472135,41.38118673567723,4.459629393541612,4.6136225280465055,2314.953,1.3474099151661236,67.37049575830618,Degrading,0.0,Short
B0006,126,24,2901.375,3.4081896097479882,0.24531767840677798,2.41022288115442,4.182061947471753,0.00019155953552805254,-1.6852952939579415,0.7395261452441036,33.79894614410012,41.378450473707446,4.460136031575844,4.592488574905165,2305.797,1.3370075130842318,66.85037565421159,Degrading,0.0,Short
B0006,127,24,2901.187,3.40737851449911,0.24580906151652474,2.4098927032454966,4.182288987105723,0.00019004269790792846,-1.6787428835073943,0.7454352436652836,33.702723745621576,41.306600641009794,4.472061666110305,4.569687454162207,2295.5,1.3312352966718526,66.56176483359263,Degrading,0.0,Short
B0006,128,24,2891.64,3.4085862639015,0.24308656517101032,2.453938411405305,4.179662143533188,0.0001877763772984646,-1.6712137513430336,0.7521771809630792,33.63562651984647,41.204081036719124,4.464296886707149,4.532599533665247,2276.625,1.3259303781727643,66.29651890863822,Degrading,0.0,Short
B0006,129,24,2882.906,3.404843616147767,0.2473025976222259,2.3940396792395253,4.181392635232333,0.00018999716270429529,-1.6768931248947176,0.7474282095747105,33.690724061796516,41.32955629442644,4.503856031202928,4.5318458597308435,2268.422,1.321578743867529,66.07893719337645,Degrading,0.0,Short
B0006,130,24,2883.265,3.4081057374178703,0.24422108333220258,2.45134737470238,4.182099866234647,0.00018764533240539665,-1.6701186583642826,0.7532835002669596,33.71317033815572,41.300370296451625,4.4804543979131095,4.514360818770418,2267.906,1.321225074066109,66.06125370330544,Degrading,0.0,Short
B0006,131,24,2882.969,3.4091728540380735,0.24340486418659887,2.475014603796582,4.182054276922838,0.00018583277595023243,-1.6634753413292604,0.7589708333972093,33.65376593260611,41.243646229563595,4.481173590462752,4.494276286709874,2258.172,1.3156485301862682,65.78242650931341,Degrading,0.0,Short
B0006,132,24,2891.656,3.4110817622184233,0.24099639163604958,2.4569179775419294,4.168816046299314,0.00018177491410237604,-1.6645875549232958,0.7579357799006134,33.983578066068176,41.36464929786556,4.335679642629904,4.516334349346584,2277.141,1.3209025697502388,66.04512848751195,Degrading,0.0,Short
B0006,133,24,2901.25,3.4167486246717154,0.2445794002146044,2.438240626221148,4.190149239555381,0.00019302625737153755,-1.6918384605140158,0.7334467668216439,33.816348135475515,40.89285784811417,4.157409676256734,4.622129800449759,2315.218,1.3474328767273906,67.37164383636953,Degrading,0.0,Short
B0006,134,24,2891.703,3.4169689184247174,0.2418829111188869,2.4946397780995584,4.187196878135145,0.00018763818310533686,-1.6711981411684529,0.7523130560666373,33.60692030225909,40.652964511118334,4.158579088645514,4.542384695182743,2286.172,1.3260128072353616,66.30064036176807,Degrading,0.0,Short
B0006,135,24,2883.016,3.4105763913818787,0.24570660921197612,2.4367455144223555,4.18232296515852,0.00018535389908696327,-1.6632769410531225,0.7590269335533172,33.47350597721994,40.58410707337388,4.21322292649837,4.49501089864976,2257.906,1.3101186784831063,65.50593392415531,Degrading,0.0,Short
B0006,136,24,2873.453,3.4113335283009314,0.243669978984679,2.4858689968085326,4.1822817387062585,0.00018357089350305947,-1.6559085740676296,0.7654957106646719,33.209178727620106,40.322783635307104,4.224043353343756,4.457843561793712,2239.344,1.30521620229393,65.2608101146965,Degrading,0.0,Short
B0006,137,24,2874.031,3.4081283345557187,0.24822787297973212,2.3957550201907916,4.181394192711236,0.00018484875659409642,-1.6561009220603313,0.7655069350374726,33.58088963686094,40.78032921971219,4.2561126788303865,4.457417238465267,2230.547,1.3004061951355774,65.02030975677887,Degrading,0.0,Short
B0006,138,24,2874.234,3.4125732422699135,0.2452230312011813,2.4504684570147006,4.182109437180301,0.00018338714931781996,-1.6493259508429792,0.7709658700007178,33.76400861956033,40.85731522464202,4.193931968929846,4.442814595041541,2230.547,1.300235735841116,65.0117867920558,Degrading,0.0,Short
B0006,139,24,2864.984,3.407693686560286,0.24934296653021504,2.3942028718004007,4.181210531150237,0.00018355500489075624,-1.6481131076816375,0.7718560566678059,33.57003564415372,40.74860220857894,4.228315089062405,4.416977394029637,2211.375,1.2895066722480755,64.47533361240377,Critical,0.0,Short
B0006,140,24,2855.093,3.4073499608041957,0.24821460129448178,2.4303844034459368,4.180183763169455,0.00018175561021971357,-1.6402541382604887,0.778065034301414,33.272050895552354,40.472276230208436,4.237196672375289,4.378207599491924,2193.437,1.279253057384795,63.96265286923975,Critical,0.0,Short
B0006,141,24,2855.625,3.409292163767801,0.24659016011849222,2.4755630989048205,4.181641969595387,0.00018037778879264802,-1.6339151095418003,0.7837204519359695,33.12740933210319,40.28187574900838,4.246858259984162,4.3593085177713045,2192.672,1.2792078171714618,63.96039085857309,Critical,0.0,Short
B0006,142,24,2855.594,3.4095492354804775,0.24758339650785938,2.446712151873903,4.1818501497507565,0.0001809493151695901,-1.6340244573659812,0.7838316988955946,33.439116773449626,40.637565231244686,4.2702980385522755,4.3608552455467775,2192.469,1.274036760902923,63.701838045146154,Critical,0.0,Short
B0006,143,24,2847.437,3.410318915287339,0.24739801801109818,2.4607112018206894,4.1817089329030335,0.00018070997333963183,-1.632488007933941,0.7848803525722242,33.482874768414376,40.64243349478575,4.236324048558813,4.3434928809598965,2183.766,1.2741273923001468,63.70636961500734,Critical,0.0,Short
B0006,144,24,2847.36,3.409269478846637,0.24810226825514498,2.4619788522973796,4.178725976011113,0.00017828746696351637,-1.6192610042624402,0.7951183753696195,33.22136307064441,40.38713367022122,4.229433369947142,4.302865540244398,2155.735,1.2637639426440779,63.188197132203896,Critical,0.0,Short
B0006,145,24,2837.328,3.4094374435069095,0.24744012771914206,2.4999079970509284,4.181148894438262,0.00017820319113239085,-1.6178242977824624,0.796212152834948,32.98562738901426,40.15316398972329,4.254562559265268,4.281560070563412,2145.844,1.2581373688955233,62.906868444776165,Critical,0.0,Short
B0006,146,24,2837.281,3.403885091976961,0.2532123266842987,2.4061574188511727,4.181246648937272,0.00017916270623880113,-1.6181015728870058,0.7959104627910828,32.970182781539556,40.26211669866818,4.320691363853224,4.276712120648879,2146.281,1.253259864055301,62.66299320276505,Critical,0.0,Short
B0006,147,24,2838.515,3.4065929107527846,0.25263202324107764,2.40921365026611,4.1821248744689274,0.000179368859572936,-1.6180985297864203,0.7962214097717415,33.31018716138479,40.65437976632703,4.314882989913479,4.280532341284352,2146.265,1.2532313315493426,62.661566577467134,Critical,0.0,Short
B0006,148,24,2828.328,3.4095930016592684,0.24908472229042342,2.4705399687343235,4.179545017207998,0.0001778573011010711,-1.6103535053387172,0.8022686918286582,33.23406652671602,40.41021687551566,4.247229394906718,4.246668968709857,2127.266,1.2480874960313577,62.40437480156788,Critical,0.0,Short
B0006,149,24,2838.265,3.409409922814414,0.24501536673331065,2.4996841687041944,4.164241788212258,0.0001710528928745672,-1.611644410040853,0.8010853524879897,33.117656712920734,40.49521984011741,4.380274662730237,4.26246034658643,2146.5,1.2534354284944844,62.67177142472422,Critical,0.0,Short
B0006,150,24,2864.547,3.4195489282896943,0.2466700164316275,2.4839695531514434,4.189238693156103,0.0001826516764726416,-1.6420364978388977,0.7774199520441293,33.78417036686004,41.357879741754175,4.440412482093005,4.411007355344468,2211.453,1.2898048773266901,64.49024386633451,Critical,0.0,Short
B0006,151,24,2846.39,3.4151799904187996,0.24807422285760142,2.4675402264113453,4.180842923747738,0.00017817121828258946,-1.6194806393973795,0.7950525227865529,33.806439563441614,41.37902988743146,4.4572811045999154,4.309332868487828,2164.625,1.2635402021758835,63.17701010879417,Critical,0.0,Short
B0006,152,24,2837.969,3.4154594925159083,0.2480617016753451,2.4946438160388325,4.18123823034649,0.00017680517904420656,-1.6048643562670923,0.8060358618163398,33.63735785291911,41.20920760771975,4.450962807667149,4.252178442129103,2136.531,1.2479761706842853,62.39880853421427,Critical,0.0,Short
B0006,153,24,2838.156,3.4130336456755868,0.2513379562071556,2.4577382116375843,4.1798277092808815,0.00017569268061943407,-1.5916400783224371,0.8158903428123628,33.58195933847606,41.20630554355683,4.472326760440252,4.20951164003174,2108.36,1.2321202877943334,61.60601438971667,Critical,0.0,Short
B0006,154,24,2829.843,3.4094524356574096,0.25541755590484166,2.40986495422137,4.180792839927961,0.00017634632769258004,-1.5901105081883435,0.81704386414875,33.56245583951572,41.28239317323536,4.515353242870561,4.186771428806759,2089.875,1.2271137666213534,61.35568833106767,Critical,0.0,Short
B0006,155,24,2829.625,3.4138496008165014,0.2521876111582164,2.479418189447868,4.181365190126037,0.00017468998298774522,-1.5767754479909835,0.8262753136633273,33.5111267532655,41.1595683576961,4.488716863512712,4.15248785209495,2080.547,1.2217397581377356,61.08698790688678,Critical,0.0,Short
B0006,156,24,2819.437,3.410900672125043,0.2554146162892581,2.434585389303289,4.180594670510683,0.00017512352148097557,-1.575262673173442,0.8272958161026505,33.53675907012135,41.230427315370186,4.49738001188431,4.129969055488359,2061.453,1.211102678915174,60.5551339457587,Critical,0.0,Short
B0006,157,24,2819.579,3.4105744140130074,0.25698194109584227,2.425682710641569,4.181424135030176,0.00017471154652391955,-1.5684640005188113,0.8317378025292568,33.49803069556778,41.21487873613708,4.5075717019233785,4.109058176498991,2051.766,1.2056159765131735,60.28079882565868,Critical,0.0,Short
B0006,158,24,2810.672,3.4096514247359915,0.25819731705646964,2.417924401749313,4.181921994951423,0.00017522288805095522,-1.5671286757845893,0.8329428153403723,33.516977262709986,41.27439823262361,4.527649008570073,4.090847852187607,2043.156,1.2008936262717274,60.044681313586366,Critical,0.0,Short
B0006,159,24,2811.485,3.4128578373442537,0.2562295547306426,2.4541577949851603,4.179593598747663,0.00017352890772616468,-1.5537993411647462,0.8418998631531451,33.531923269271225,41.237668013317766,4.494711757510842,4.056685436022797,2024.578,1.1905903985558335,59.529519927791675,Critical,0.0,Short
B0006,160,24,2802.422,3.413450901705652,0.25633972565262325,2.463616101176541,4.180557596235595,0.00017411498658102343,-1.5521827524962775,0.8426741525725665,33.567636169584304,41.24068073261839,4.488739697730475,4.038363952838126,2015.016,1.185179251041941,59.25896255209705,Critical,0.0,Short
B0006,161,24,2801.625,3.414388187503409,0.2568441721022827,2.470375229475307,4.181414159913002,0.0001740086669987083,-1.5452652929126827,0.8470345896109175,33.60493096509702,41.28133907077437,4.480792235047609,4.018604577083815,2005.203,1.1796706818144624,58.983534090723126,Critical,0.0,Short
B0006,162,24,2802.031,3.412419038813061,0.25993777730028017,2.4357634426689945,4.180815073540562,0.00017351301932997038,-1.538651770825325,0.8513560117080599,33.54281440778599,41.28338645880181,4.497310319961048,3.9972106649852583,1996.031,1.1745952836753915,58.729764183769575,Critical,0.0,Short
B0006,163,24,2793.39,3.4148103057455175,0.25676219132624173,2.481190011798763,4.1697037841892834,0.00016946320383185516,-1.5169723774339863,0.8647472127992183,33.472459360982775,41.149193043289586,4.458920775963431,3.924465245555991,1958.5,1.15381833159625,57.6909165798125,Critical,0.0,Short
B0006,164,24,2793.39,3.4166177332601,0.25786885910619006,2.491537251958465,4.180283727512206,0.00017294901225740423,-1.5238501013926742,0.8603890556014289,33.58210389885497,41.26268252018065,4.465400116342418,3.9460798888358575,1968.203,1.1644009557372264,58.220047786861315,Critical,0.0,Short
B0006,165,24,2792.485,3.4121341541171764,0.26372718676135337,2.40904100737121,4.181170015245673,0.00017349536905251163,-1.523792814686802,0.8604329777233659,33.6634605108384,41.45791806300034,4.507073999103317,3.9393071901105365,1958.141,1.1587974947916069,57.93987473958035,Critical,0.0,Short
B0006,166,24,2802.016,3.419700177568569,0.2529109631298057,2.475767645530351,4.1575524997258,0.0001657683391735083,-1.5391310859398721,0.8511924609455338,33.730546074122294,41.11666214070682,4.1670548482657015,4.008595035958819,2005.656,1.1749748834769171,58.74874417384586,Critical,0.0,Short
B0006,167,24,2820.39,3.4234687742187893,0.2619158664193414,2.4160441724133666,4.188511527828155,0.0001761112984069822,-1.5426703969635054,0.8495522069665737,33.8912822372509,41.36263766174168,4.080219455624845,4.053102764878838,2014.984,1.1856752327929356,59.283761639646784,Critical,0.0,Short
B0007,0,24,3690.234,3.522006703394617,0.2874452516516924,2.145975766935391,4.199497433806136,0.0003081774252542786,-1.8691188840185695,0.4752966796525294,32.62485875142121,40.59042914535701,3.8821725491629793,6.789434464560018,3386.641,1.89105229539079,94.5526147695395,Healthy,167.0,Long
B0007,1,24,3672.344,3.5319490434317116,0.2797089856913086,2.1110166987852117,4.198510349854315,0.0003047185044105195,-1.8680422715350309,0.47659959994822176,32.738209593287145,40.26023408628707,3.767777623445933,6.7719351932569545,3388.735,1.880637027686859,94.03185138434294,Healthy,166.0,Long
B0007,2,24,3651.641,3.5344025220217845,0.28372654574505013,2.0251085128182655,4.198280074112568,0.0003108231414357832,-1.877784734502072,0.4584167741596034,32.68511456550919,40.27558633997852,3.746724750145294,6.772981740189951,3368.937,1.8806626717011388,94.03313358505694,Healthy,165.0,Long
B0007,3,24,3631.563,3.53492504932652,0.29008702878464626,1.922542180649595,4.198267468745592,0.0003190143865299983,-1.8875256535871228,0.43922371626617773,32.554748499572646,40.29314715799111,3.748713692085809,6.770718740979214,3369.157,1.8807709009833444,94.03854504916723,Healthy,164.0,Long
B0007,4,24,3629.172,3.534536640068787,0.29220641599968367,1.8711590450649882,4.198464224146956,0.0003183362613826469,-1.8871559747738404,0.439454184988277,32.46787845303298,40.268872630219796,3.757399994843755,6.764758586702278,3367.156,1.8794508728285058,93.97254364142529,Healthy,163.0,Long
B0007,5,24,3652.281,3.5411626672196816,0.26674308476358344,2.1756867065903434,4.197967993115647,0.0002942038156008302,-1.8675154082122565,0.47752624091693197,32.48624734055599,39.67620802332074,3.7187797514899983,6.747854749148299,3368.906,1.8807003517117404,94.03501758558703,Healthy,162.0,Long
B0007,6,24,3650.828,3.541165612176161,0.27118633921124835,2.1117887156019437,4.198023461704379,0.00029563414607042146,-1.8673304059806155,0.4774906738400573,32.55779966353037,39.803817662926164,3.7152261569509877,6.745923115825768,3367.781,1.8799352523566075,93.99676261783037,Healthy,161.0,Long
B0007,7,24,3572.453,3.5494581176357975,0.27297824294152273,2.026250619894166,4.199372697237068,0.0003221236720080017,-1.9063154499484403,0.3979115030496563,32.45374435641106,39.88810476942348,3.66750069286357,6.750169011081445,3370.875,1.8815088124038797,94.07544062019399,Healthy,160.0,Long
B0007,8,24,3550.594,3.5502805464079743,0.2771296154486181,1.9505894332906037,4.19921182024681,0.0003329097696089504,-1.9164259300038171,0.37443743546277825,32.373246444985035,39.95162250671474,3.662879470802171,6.743937188969025,3369.047,1.8696907870385844,93.48453935192921,Healthy,159.0,Long
B0007,9,24,3551.25,3.5481347674910286,0.283812978267983,1.8688247067658061,4.198957678253482,0.00033604447148064795,-1.9165016044519978,0.3742086617157418,32.30534276235138,40.052021854718284,3.6783546666995868,6.741800535657847,3369.813,1.870052380139199,93.50261900695995,Healthy,158.0,Long
B0007,10,24,3530.25,3.5484272148956437,0.28889633724718083,1.7896213776724978,4.198832114024662,0.00034903670042675495,-1.926771167846017,0.3483926910622938,32.183319483399806,40.1213838436794,3.687673913430504,6.7368460545816395,3349.5,1.8700442394188577,93.50221197094288,Healthy,157.0,Long
B0007,11,24,3491.016,3.5560433603714667,0.27604177175304995,1.910336108594535,4.198945227315025,0.0003553686396728103,-1.936979366983281,0.3204322222158979,32.378853181816005,40.174657039770814,3.63791535075196,6.708004507865959,3350.407,1.8596518987766364,92.98259493883182,Healthy,156.0,Long
B0007,12,24,3470.281,3.5604849642800684,0.2717170193494012,1.9086884059809102,4.1990513028067955,0.0003752073999536491,-1.947065774665518,0.2882487625048244,32.2913249500013,40.016434730174936,3.582678179632668,6.708691704147774,3349.906,1.8590746560862206,92.95373280431103,Healthy,155.0,Long
B0007,13,24,3470.0,3.5562872542469752,0.2826191895837473,1.7868782934275431,4.198107645780677,0.0003809691712574413,-1.946961601670498,0.2883646179237529,32.14782797344657,40.16569230743226,3.622670216832461,6.699986179131589,3349.828,1.8590084577709232,92.95042288854616,Healthy,154.0,Long
B0007,14,24,3450.297,3.5647746218187324,0.2549992595793087,2.1361343961784502,4.19925638222589,0.0003623523019502204,-1.946851050742258,0.28894202027233323,32.01380948237792,39.46139677634257,3.570709862627515,6.677306716245749,3330.219,1.8593622586957048,92.96811293478524,Healthy,153.0,Long
B0007,15,24,3429.407,3.565438928797127,0.2598113371383103,2.0133501283179167,4.199087384946408,0.00040276087201642706,-1.9574063719005568,0.25171076392728675,31.881310103471357,39.5636595172155,3.5607713646101002,6.670158805806246,3329.328,1.8587355450601035,92.93677725300518,Healthy,152.0,Long
B0007,16,24,3409.484,3.565961679108638,0.26669381029351313,1.8575547668336483,4.199009971925293,0.0006866839111658896,-1.9680136940585706,0.20658857155432495,31.854304304240515,39.628948319501816,3.552969052142723,6.653374361102632,3329.719,1.847817291322145,92.39086456610724,Healthy,151.0,Long
B0007,17,24,3390.422,3.572496559005355,0.2443446202400194,2.1657556124208934,4.1985172274243965,0.0005995600591913051,-1.9680499927642312,0.20727562782238032,31.856555404576753,39.225347214914876,3.5240064913765976,6.6277732024911185,3310.5,1.8485252916137047,92.42626458068524,Healthy,150.0,Long
B0007,18,24,3390.281,3.5699492020415136,0.25329366708168694,2.0270686341513207,4.198245740608724,0.0006403814332880993,-1.9680218912213907,0.20716884485636725,31.867182607083926,39.4126321606434,3.5311983271559155,6.622933769749249,3310.219,1.848378951850034,92.4189475925017,Healthy,149.0,Long
B0007,19,24,3591.734,3.5464338449590023,0.2870418502164071,1.905311669649934,4.196262462698172,0.0003356462437823736,-1.9066656790606797,0.3970264906393026,32.35216872128999,39.95874037686836,3.6200786747538674,6.784229478347449,3389.609,1.8807805437609766,94.03902718804883,Healthy,148.0,Long
B0007,20,24,3552.297,3.5531968089006387,0.28839720112764217,1.7951975189442124,4.1969587758867,0.0003581495365701594,-1.9267118604677658,0.34743557997528324,32.60219299451182,40.31302300333008,3.609319632122495,6.788565185044576,3390.813,1.8814721597443598,94.07360798721798,Healthy,147.0,Long
B0007,21,24,3531.578,3.5599340214678805,0.262396085205122,2.1058524852518143,4.197071720130598,0.0003429768683190575,-1.9260915660103672,0.3484920989459363,32.19571819720114,39.359447242364645,3.5383074860799546,6.759032566671403,3370.797,1.8810954313244785,94.05477156622393,Healthy,146.0,Long
B0007,22,24,3492.907,3.5595604968237993,0.2755055664428783,1.846021007590992,4.19690260801443,0.0003819793013982648,-1.9468340181835688,0.28754259789672953,31.805988160181123,39.454159451189874,3.5365956799637424,6.749769979363801,3372.078,1.8710089649779995,93.55044824889998,Healthy,145.0,Long
B0007,23,24,3511.594,3.552385161941813,0.28817671720490146,1.7370300333706354,4.1966416719103465,0.00036527838031980405,-1.9364196896718646,0.31982012695944373,31.737001978644926,39.641748274009444,3.6015349556344587,6.739468507067623,3350.781,1.8701995151941375,93.50997575970688,Healthy,144.0,Long
B0007,24,24,3431.9370000000054,3.5707670304281067,0.2505087558173121,2.0506492642329937,4.1971302559922,0.000625443005439553,-1.9675984733558025,0.20616966472270115,31.51707667966367,38.86906912217273,3.467097459094623,6.70387372964967,3351.8120000000054,1.8706715362800985,93.53357681400493,Healthy,143.0,Long
B0007,25,24,3431.125,3.5657224847439295,0.26724293226716145,1.8254369744762284,4.19652461108806,0.0006910308742244964,-1.9680130544442065,0.20601669067896197,31.442860781038384,39.11839966443177,3.4910890369414163,6.694608974354447,3350.891,1.8596124644020169,92.98062322010084,Healthy,142.0,Long
B0007,26,24,3412.406,3.5712835067487094,0.24546299726358747,2.134879000684994,4.196790308710931,0.0006042397381864692,-1.9675572757550353,0.2067971048262254,31.32326275303232,38.68010761281634,3.477481789559444,6.666595714140784,3332.343,1.860033909718346,93.0016954859173,Healthy,141.0,Long
B0007,27,24,3410.688,3.5679716274891398,0.256383090128758,1.970455493406623,4.196693048697735,0.0006527238947951593,-1.967618505240168,0.20657115133389814,31.28571570579735,38.863045678198645,3.496093238915817,6.657658351293735,3330.438,1.8591653109160768,92.95826554580384,Healthy,140.0,Long
B0007,28,24,3410.718,3.5646314038791784,0.2688392479727567,1.8132694309760007,4.197078923354,0.000698917205227169,-1.9678214300979182,0.20655645682563994,31.331850868998004,39.14531169811219,3.5126895678617203,6.6523732824954225,3330.265,1.8481398178778288,92.40699089389143,Healthy,139.0,Long
B0007,29,24,3392.719,3.568983888921194,0.2510097241436422,2.0483657324095637,4.196062203382386,0.0006330310500141103,-1.9675056354779956,0.2070579900700325,31.32285733932258,38.8380564174779,3.4937493267933273,6.624137179951853,3312.734,1.849201702126164,92.4600851063082,Healthy,138.0,Long
B0007,30,24,3470.672,3.564620688944316,0.24235648397605905,2.181560983985832,4.206531081984383,0.00038133302557176154,-1.9683447778186904,0.20521217145448947,31.608436452122476,38.95965174080089,3.51820888005486,6.780118866357346,3374.328,1.8834677437950846,94.17338718975424,Healthy,137.0,Long
B0007,31,24,3414.109,3.5694388142217837,0.23904274000018072,2.1177799354077496,4.203187727641822,0.0006108205075567513,-1.9788067754387157,0.14698688650583963,31.782101501165204,39.053875772291974,3.380302800718849,6.702715077597238,3336.891,1.8628211117905844,93.14105558952922,Healthy,136.0,Long
B0007,32,24,3395.219,3.568742147335628,0.2361226467707183,2.1637448793153697,4.202997027311235,0.000600582952245016,-1.9785908218423578,0.14711734266167353,31.515041989202878,38.699551697978606,3.363520252997762,6.6632871098367605,3317.812,1.852085039652352,92.6042519826176,Healthy,135.0,Long
B0007,33,24,3386.0,3.5642424070467817,0.2435637592164921,2.0456561472058055,4.2027504558714135,0.0006370627019095122,-1.9784335668087778,0.1472609174758871,31.13866351339678,38.6052414906155,3.4075643650648044,6.636505189849408,3308.516,1.8469504648208708,92.34752324104353,Healthy,134.0,Long
B0007,34,24,3368.187,3.5653038098527605,0.2380524119042055,2.1356202266992863,4.202665067816707,0.0006136469162934399,-1.9781601679702336,0.14777650141295554,31.068710515588776,38.42604747702835,3.3689280446409944,6.602468444353949,3290.484,1.836828431169018,91.8414215584509,Healthy,133.0,Long
B0007,35,24,3368.266,3.565432167703823,0.24360198231062685,2.042987153745025,4.20243913428064,0.0006411168181300453,-1.9783765899690637,0.14769064609715238,31.618244836823447,39.0468968949422,3.4394022053585354,6.603771377505247,3290.516,1.8371619619672275,91.85809809836137,Healthy,132.0,Long
B0007,36,24,3358.719,3.5622303163451425,0.24837093630083507,1.9786162394118947,4.202794567899269,0.0006621866647451126,-1.9780771457931066,0.14807220716513025,31.331528063668397,38.836764958613884,3.413453157377257,6.578203848493088,3271.36,1.8316722583718854,91.58361291859427,Healthy,131.0,Long
B0007,37,24,3339.5,3.564481026852489,0.23693822731644562,2.15845357648832,4.203135326288817,0.0006122384773829386,-1.9780971417908424,0.14843712211776988,31.132569191182142,38.49981470604549,3.426266595856784,6.54458780150221,3262.125,1.8211470951317783,91.05735475658892,Healthy,130.0,Long
B0007,38,24,3331.265,3.561614556780574,0.24121089374904708,2.092603698932653,4.202837061508687,0.0006334212945138702,-1.977978349880126,0.1485468782929041,30.972969676157927,38.582340147970775,3.4730985811134674,6.522834742251909,3253.671,1.816506091511515,90.82530457557574,Healthy,129.0,Long
B0007,39,24,3321.188,3.5630587459190144,0.2377592209805917,2.1528886431678034,4.202745735932991,0.0006171568919173053,-1.9784334957218421,0.14869563071084269,31.1990648511682,38.787499833494046,3.4999644177634317,6.50707815642793,3243.766,1.8113815601504555,90.56907800752278,Healthy,128.0,Long
B0007,40,24,3321.844,3.5629534367704405,0.24427062964618607,2.0537418826405966,4.203198796599359,0.0006470181056729656,-1.9782873833989176,0.14888480509231408,31.722267598269813,39.31221126031847,3.489535773627038,6.507683177848434,3244.375,1.8116056333939583,90.58028166969791,Healthy,127.0,Long
B0007,41,24,3311.828,3.563446012076242,0.24292877825753523,2.0793300586339956,4.202901668731174,0.0006411197030297308,-1.9781961432676651,0.148965936617679,31.900827580605675,39.40567993360536,3.453732440693354,6.48886720492721,3234.562,1.8060548955557403,90.30274477778701,Healthy,126.0,Long
B0007,42,24,3327.391,3.563998342345823,0.25327029403423074,2.0759793304520757,4.196154302326916,0.0006371794795265611,-1.9670969462670498,0.2090627886753873,31.5372402498617,39.32802757827611,3.5356532818719244,6.486171873839956,3247.531,1.8132041826994056,90.66020913497029,Healthy,125.0,Long
B0007,43,24,3312.078,3.5604902283110547,0.24529230432510515,2.0674349483094465,4.2044772244864275,0.0006451721591659327,-1.9781214643703728,0.1489594972779903,31.24662583059252,38.6112528181758,3.352701649272975,6.483966529554647,3225.218,1.8062641938283535,90.31320969141767,Healthy,124.0,Long
B0007,44,24,3293.172,3.5567002097886946,0.24718150200077496,2.037264031192436,4.20211656315423,0.000657290630473959,-1.9780364457328714,0.1494284562122661,30.939399361884792,38.569726951286874,3.427249603700407,6.439677700794888,3206.25,1.7958310249900458,89.79155124950229,Healthy,123.0,Long
B0007,45,24,3275.328,3.5584127263446006,0.23972404685296034,2.1632674190148338,4.202901194454151,0.0006227265713355479,-1.977935781469453,0.1499746649560789,30.884857004354572,38.34572083526661,3.4451204067835475,6.407012477669587,3198.093,1.7858852600390451,89.29426300195226,Healthy,122.0,Long
B0007,46,24,3265.016,3.556136820956992,0.24353239714133773,2.106631526845483,4.201790697233378,0.0006416889171525931,-1.9780170042003,0.14992267004756327,30.920682316695828,38.482540634946716,3.482820431217398,6.383292596096491,3178.109,1.7803268604502753,89.01634302251377,Healthy,121.0,Long
B0007,47,24,3328.937,3.568999942180493,0.23779858875750914,2.1809272860788376,4.191916354433964,0.0006040934593701012,-1.9779140108313502,0.14860159467659112,33.880577817079796,41.0499421893331,3.252960553213002,6.531870934297347,3252.016,1.8150756899575577,90.75378449787789,Healthy,120.0,Long
B0007,48,24,3329.266,3.571059290544873,0.23785906798506715,2.1773498094527195,4.20342192245769,0.0006085366395574497,-1.978162017642311,0.14858283335477085,33.038339318294426,40.361944885615415,3.3468582106910603,6.537088661397099,3252.172,1.8157025154845838,90.78512577422919,Healthy,119.0,Long
B0007,49,24,3301.579,3.5666921284622095,0.23760527129618003,2.180136101967249,4.202807443974011,0.0006125392160698535,-1.9779553399945098,0.1492321114384013,32.27329169539202,39.6676965288026,3.3756627697109653,6.474009221241965,3224.266,1.8002432178056673,90.01216089028337,Healthy,118.0,Long
B0007,50,24,3283.563,3.563327431073248,0.24105488010739884,2.1286295199076855,4.203276539809248,0.0006318279929154891,-1.9779914337720734,0.14961359454639447,31.937919783481355,39.481181404811096,3.443436671543625,6.432644438382921,3206.422,1.7904476205609308,89.52238102804654,Healthy,117.0,Long
B0007,51,24,3275.125,3.5590146214829015,0.24277115965808288,2.155901281560187,4.202580870413733,0.00042240572707175815,-1.9721889844228178,0.18321554183214092,31.688686599521045,39.419051143069204,3.496381532348714,6.398430607115167,3188.141,1.780343032300132,89.0171516150066,Healthy,116.0,Long
B0007,52,24,3265.656,3.5566945836342914,0.24879599446153314,2.067103728219671,4.203244171517053,0.00043230073813717274,-1.9723254573804139,0.18341975964719076,31.779120691032947,39.72196117128354,3.555534379207058,6.376184332185841,3169.094,1.775328769596812,88.7664384798406,Healthy,115.0,Long
B0007,53,24,3266.093,3.555013984911923,0.2513247440204203,2.0619831864543094,4.202697222668131,0.00039496660731374943,-1.9668382736785281,0.21152672057298152,32.133873372089305,40.041366724781085,3.5837263034233016,6.358403193718278,3159.406,1.7702629734732853,88.51314867366426,Healthy,114.0,Long
B0007,54,24,3257.594,3.5526373754067415,0.24843977298975742,2.143037413381466,4.202581421564202,0.0003703941341457627,-1.960929600351624,0.2366096302019096,31.889431533099835,39.66314441864834,3.5516310641707514,6.320704857288989,3151.11,1.760081061854204,88.0040530927102,Healthy,113.0,Long
B0007,55,24,3248.593,3.547186025484395,0.2591347484640653,1.9929057988209282,4.201275185814673,0.0003781485063778408,-1.9607588424014128,0.23690268546827994,31.81736328028127,39.84751541049116,3.610373519382387,6.293165969925084,3132.328,1.749647593537689,87.48237967688445,Healthy,112.0,Long
B0007,56,24,3238.766,3.546814755244375,0.2566708502475146,2.0335961968180234,4.202508747096239,0.00037702624057448295,-1.9607439129501683,0.23725449124295286,31.72316205746117,39.743357771631004,3.6410744013520295,6.2734553874156385,3122.547,1.749650075059311,87.48250375296554,Healthy,111.0,Long
B0007,57,24,3240.14,3.5447850172972655,0.2590391092431144,2.0213017345171265,4.202333230196108,0.0003615430327981621,-1.9550964299704847,0.2595637502376604,31.957150654392294,40.07246786936068,3.721644074023953,6.256226412886117,3114.125,1.745028739214683,87.25143696073415,Healthy,110.0,Long
B0007,58,24,3230.109,3.5465215420964156,0.25599663439330134,2.0789964919635966,4.202490707154508,0.00036018238717921655,-1.955058998571939,0.2597754002497576,32.29917704213345,40.247716114003914,3.631661556788779,6.239813068938487,3104.109,1.7396457455286727,86.98228727643364,Healthy,109.0,Long
B0007,59,24,3229.7810000000027,3.540832547654255,0.2637981986834192,1.9925354808829658,4.202290557382721,0.0003495097963800009,-1.9491545130405272,0.27992445983861897,32.128842946565555,40.27220819224188,3.646211067036828,6.212101547614824,3084.5,1.7285642277717963,86.42821138858982,Healthy,108.0,Long
B0007,60,24,3212.469,3.542992511358393,0.25433595231008316,2.14041602578448,4.20313824854604,0.00034370616654138907,-1.9485230174751031,0.2810230250199101,32.021134355757404,39.89848456781458,3.6712023779065106,6.179917969286194,3076.578,1.723900324588418,86.1950162294209,Healthy,107.0,Long
B0007,61,24,3213.219,3.5360811169860216,0.2648942463001822,2.006753861515003,4.202703239422359,0.00033643134075540023,-1.9431227050969846,0.29989514018536995,31.859048861486652,40.0571305311587,3.723390766043564,6.153814617791076,3058.032,1.7139788776485192,85.69894388242597,Healthy,106.0,Long
B0007,62,24,3203.578,3.5392436935272635,0.25696742774933107,2.121868132176415,4.202907102508285,0.00033335871781995714,-1.9430080085541772,0.3003153138279422,32.16100333536097,40.240711749549135,3.792421226705538,6.140230112759753,3058.0,1.7139701997004613,85.69850998502307,Healthy,105.0,Long
B0007,63,24,3195.125,3.5348237062932575,0.2662038409344857,2.0119648758828452,4.201457080806326,0.00033810303137923805,-1.9425165961920092,0.3009740923792116,32.10276048728767,40.12941739090177,3.6038326573225334,6.1152195100522375,3039.703,1.7036521173638766,85.18260586819383,Healthy,104.0,Long
B0007,64,24,3195.3129999999946,3.5366477402090606,0.2616558182168718,2.0744390946376323,4.204304103661928,0.0003253149111766487,-1.9370190075205085,0.3186080584168873,32.33880662180898,40.3959693732437,3.7734678513608726,6.102542460406299,3030.327999999994,1.7040137474382486,85.20068737191244,Healthy,103.0,Long
B0007,65,24,3186.297,3.5352062840980913,0.25544791069144723,2.188793384556236,4.20220228055958,0.000311388393741466,-1.9310192096578356,0.33583111935932713,32.21373014824893,40.18751058333668,3.806474467128874,6.064240838548212,3021.141,1.6935716157343033,84.67858078671516,Healthy,102.0,Long
B0007,66,24,3176.438,3.5329852237553396,0.25706788640824413,2.1739523632140685,4.202001482736379,0.0003120370436928958,-1.9304738354803441,0.33610450717728846,32.09949526722965,40.14605167557969,3.8368014709408094,6.039232563009916,3001.485,1.6876577363877656,84.38288681938828,Healthy,101.0,Long
B0007,67,24,3167.593,3.532158560934324,0.25743321846075945,2.1783847786257136,4.202600613133091,0.0003128394022280903,-1.9305510314753316,0.3367955832619307,32.11305439113157,40.18846095484838,3.8534531796730453,6.021644367339642,2992.671,1.6830744356583152,84.15372178291575,Healthy,100.0,Long
B0007,68,24,3167.719,3.5308376380023527,0.25735132818647616,2.191481814157953,4.202328519159183,0.00030479532101627044,-1.9247195409983122,0.3526649608118804,32.20371989479744,40.2789498830108,3.8766566501795,6.002398054178905,2983.297,1.6779270142025482,83.89635071012741,Healthy,99.0,Long
B0007,69,24,3159.077999999994,3.5296958440720005,0.25903317835716594,2.1753473356526807,4.202855889678493,0.0003059723825910002,-1.9245739020356052,0.35306848458191703,32.23340825772458,40.310727434969614,3.8809728822466507,5.983917976480589,2974.6879999999946,1.6732060275966172,83.66030137983086,Healthy,98.0,Long
B0007,70,24,3148.829,3.5281819372126093,0.2590267647030847,2.1832922624558813,4.202212609390717,0.0003061110158506151,-1.9243785304854075,0.353697587121458,32.212169716369466,40.31733812871393,3.897110967912235,5.9608146040524375,2964.391,1.6674367208253988,83.37183604126994,Healthy,97.0,Long
B0007,71,24,3149.094,3.5265730179666974,0.25895117983184,2.192864020990023,4.202335745153063,0.0002989890100657602,-1.9184028799161776,0.36885103516009277,32.21746401954225,40.332563430145015,3.918876824662239,5.940860787210121,2954.829,1.6622662630667526,83.11331315333763,Healthy,96.0,Long
B0007,72,24,3140.547,3.5245022548553444,0.26179245053019967,2.1560972126643922,4.201997273379946,0.0003006276603514182,-1.9181664471622712,0.36930143578125346,32.23410177209762,40.431258866851486,3.9425202907421366,5.9206212707581605,2946.266,1.6574243065763063,82.87121532881531,Healthy,95.0,Long
B0007,73,24,3131.625,3.5228548406546385,0.26334902608175864,2.138540138129487,4.201599523927098,0.00030185240847020923,-1.9180994998619483,0.36972121910128913,32.228343983674435,40.46247985933005,3.9516136358563108,5.9007349025021005,2937.312,1.652538684928734,82.6269342464367,Healthy,94.0,Long
B0007,74,24,3121.907,3.5222829121237855,0.2622165090473685,2.1646493163558524,4.20196227209543,0.0003013259548845309,-1.9179522150901998,0.3704409853164542,32.1833106060944,40.40103455658551,3.954583146041962,5.88059965048413,2927.453,1.6472174627573322,82.3608731378666,Healthy,93.0,Long
B0007,75,24,3122.125,3.5189923820688493,0.26579878809823443,2.1187211383693167,4.202045571197949,0.000296354036316673,-1.9116539768893375,0.38501324372590207,32.17200142078129,40.4426971996319,3.989270609895539,5.857228806793807,2908.484,1.6364136810898071,81.82068405449036,Healthy,92.0,Long
B0007,76,24,3121.672,3.5177844279570794,0.26600215117219994,2.1377868706438155,4.204697039833386,0.0002961529457647667,-1.9115865510736891,0.3850783041628466,32.03316223587618,40.26214977673693,3.9283211145844676,5.854045152219231,2907.969,1.6362554312048496,81.81277156024248,Healthy,91.0,Long
B0007,77,24,3120.86,3.5212226057273495,0.267463244027458,2.103155697792567,4.203964293328523,0.00030679320871530673,-1.917648718820213,0.37032820729133353,32.506671891788216,40.645668361956844,3.863021171137795,5.87708991176168,2916.922,1.641119179218384,82.0559589609192,Healthy,90.0,Long
B0007,78,24,3103.828,3.5172227884430147,0.26251805234594217,2.186737546753024,4.201985395805308,0.0002954752203642487,-1.9111337702474194,0.3859863634088458,31.961039485620926,39.95209030011925,3.9075613618643468,5.817751586988509,2889.875,1.6315700789656966,81.57850394828483,Healthy,89.0,Long
B0007,79,24,3095.094,3.5125010864221813,0.26841940308331047,2.1007747911593695,4.20178017149305,0.00029839863249446935,-1.9108556098369367,0.3864575673331354,31.798082670491866,40.165034583244065,4.039383392805075,5.792748313295921,2881.141,1.621213282987236,81.0606641493618,Healthy,88.0,Long
B0007,80,24,3095.781,3.5129614635074673,0.26549914451346457,2.1417010068719846,4.202220537976551,0.0002919160437852705,-1.9049762303506044,0.4005172724970495,31.95802833708937,40.36674175781141,4.100074784183007,5.777434052781424,2871.922,1.6164273214762122,80.82136607381061,Healthy,87.0,Long
B0007,81,24,3094.328,3.5125204100391962,0.26924432437899815,2.0912297625621297,4.2013887453306085,0.00029478973144249316,-1.9051068520548522,0.4005777576368912,32.41813169746276,40.88269125311642,4.104813634275824,5.775091282241099,2870.891,1.615823510161921,80.79117550809605,Healthy,86.0,Long
B0007,82,24,3086.531,3.5151454557578807,0.264592914024469,2.1663009505205935,4.201620573144587,0.0002933506100373566,-1.9049079394753692,0.40110938112637234,32.64044972789331,40.856332202254556,4.035276418212726,5.763553948391042,2862.797,1.61672418029789,80.83620901489451,Healthy,85.0,Long
B0007,83,24,3085.625,3.513443179473182,0.26388369352167246,2.1843637809529235,4.201668680267049,0.00028699831762348514,-1.898761620917719,0.4145639691317064,32.56399373078006,40.778024611598504,4.0489676097337375,5.740753354217775,2852.25,1.6108655863730026,80.54327931865014,Healthy,84.0,Long
B0007,84,24,3067.203,3.5097089402574535,0.26957573994134193,2.113995772639173,4.202567159315787,0.0002944581367550656,-1.90433828068926,0.4023836860850073,32.28305350922276,40.5829305350897,4.030966130077138,5.716456662638244,2833.671,1.6006603374309376,80.03301687154688,Healthy,83.0,Long
B0007,85,24,3058.157,3.5042771471756997,0.27593869419229977,2.0287779476202195,4.201472345711643,0.00029670367202651055,-1.904192698545851,0.4031010093914232,32.06065237439007,40.6345689985191,4.1025915192805655,5.6912426228244595,2824.953,1.5959174487005663,79.79587243502831,Degrading,82.0,Long
B0007,86,24,3058.812,3.509207943122176,0.26403401116573244,2.1948906641943635,4.201332830124454,0.000287740852634681,-1.8982712229514884,0.41633846419839154,32.365261126964526,40.75070125010339,4.154090104643841,5.682079807585006,2825.328,1.5962179519462243,79.81089759731121,Degrading,81.0,Long
B0007,87,24,3058.578,3.5095064920492853,0.26651020354295685,2.1621122251410005,4.201522880341636,0.00028977281003426735,-1.8977934870545983,0.4164923578079049,32.68851871366292,41.0672419235651,4.12963931213872,5.681366066603345,2825.172,1.5958065114633972,79.79032557316987,Degrading,80.0,Long
B0007,88,24,3049.328,3.505203266169396,0.27780037236330035,2.0092802451741245,4.201386492450036,0.00030041572165813066,-1.9036436467205253,0.40372631842414586,32.747733642524246,41.40590880756584,4.151667084862949,5.674946153706331,2815.719,1.5906507821480704,79.53253910740352,Degrading,79.0,Long
B0007,89,24,3177.219,3.5281182345919753,0.27416305799250557,2.144268362237989,4.2333254357000865,0.0003352808482776363,-1.936992342648715,0.31958358926764696,32.50500516961017,41.01558674901627,3.999264397606396,6.052063994967586,2992.656,1.6888211161855506,84.44105580927753,Healthy,78.0,Long
B0007,90,24,3082.937,3.519590928396835,0.27054736304342386,2.0962813773920193,4.203917718634026,0.00032058417701162287,-1.9233409193548265,0.35732712227323765,32.91993878980996,41.31851435911838,3.9779476648867633,5.8200950508713785,2888.562,1.6259938279733204,81.29969139866601,Healthy,77.0,Long
B0007,91,24,3074.266,3.5146260368096875,0.27485823359870815,2.0376560852489356,4.202046403451837,0.0003137206633699046,-1.916884219356136,0.37299749235952684,32.948305858317944,41.4002950560853,4.0004148447474615,5.777020974284328,2870.562,1.6157433862812898,80.78716931406449,Healthy,76.0,Long
B0007,92,24,3066.0,3.5115494818370454,0.2738568804220646,2.050265845971926,4.201592874087554,0.00030534948728773735,-1.910472150518363,0.38840976951005973,32.76906651915661,41.2508092329952,4.043926015268153,5.73704566709158,2842.578,1.6056626764846538,80.28313382423269,Healthy,75.0,Long
B0007,93,24,3056.437,3.510769869032659,0.26772380868625756,2.1421639870693685,4.201214370586727,0.0002959009430373061,-1.904277326283454,0.40296100009297364,32.59734424608833,40.95362783962595,4.061553116289224,5.698533580976982,2832.843,1.5949746921524348,79.74873460762174,Degrading,74.0,Long
B0007,94,24,3048.219,3.50804494279531,0.2714351723858833,2.093098662464846,4.201660608337926,0.00029778090617196894,-1.904002494100001,0.40347471459758105,32.52349894408369,40.989022190981714,4.1006818446076005,5.678186762251141,2814.89,1.5904102438871945,79.52051219435972,Degrading,73.0,Long
B0007,95,24,3039.218,3.507748080950393,0.27050869918323595,2.109503853325003,4.201750207865124,0.00029814979821061896,-1.9036546380501311,0.40435867681465476,32.578228834731775,41.02622774121347,4.111733496864432,5.659917861268947,2805.781,1.5853517062988178,79.26758531494089,Degrading,72.0,Long
B0007,96,24,3039.047,3.5066673521067266,0.2692433210994772,2.1295447836320704,4.201226117420626,0.00029176752378274386,-1.8977146678452774,0.41774616488674415,32.62728298499839,41.01371342582121,4.116933403314129,5.639981128155463,2795.797,1.5799737147242376,78.99868573621188,Degrading,71.0,Medium
B0007,97,24,3030.375,3.5061843921745397,0.2691227468747876,2.138556110583413,4.201796973837129,0.00029219613095708707,-1.8973347377958825,0.41823604974731454,32.652115712561326,41.04923314430273,4.118310158305885,5.622384724607772,2787.25,1.5752185465278068,78.76092732639034,Degrading,70.0,Medium
B0007,98,24,3021.0,3.5051004339266254,0.26893892592128943,2.1437793669909317,4.201200470517945,0.0002923353845033565,-1.8970045774163773,0.4188464005659871,32.64767456395258,41.05277512550887,4.135322062548897,5.601397050692208,2777.813,1.569798484648868,78.4899242324434,Degrading,69.0,Medium
B0007,99,24,3021.75,3.5054479186890566,0.26547378393904136,2.199196544880164,4.201289094579205,0.0002858039197272336,-1.8909127399289274,0.4318752742370957,32.6993879231031,41.02092182377061,4.1434355534635925,5.585607978791153,2778.421,1.5702565375950357,78.51282687975178,Degrading,68.0,Medium
B0007,100,24,3012.265,3.500074246846,0.2780974884933766,2.0252901014990434,4.201033482375415,0.00029629407741990307,-1.8968789299198896,0.4193757586765284,32.724576765133094,41.34840278359994,4.183372291476193,5.577995627249515,2769.203,1.565249873909438,78.2624936954719,Degrading,67.0,Medium
B0007,101,24,3002.641,3.5011647157526498,0.2734435466054509,2.0874226328484515,4.201482697501314,0.0002948425769627887,-1.8964710309338209,0.41987506069301295,32.70434030242972,41.23753665797544,4.172822950886433,5.559790708920634,2759.297,1.559633933561147,77.98169667805736,Degrading,66.0,Medium
B0007,102,24,3012.0,3.500407285435189,0.2727539732933852,2.0863200514042264,4.196165946742788,0.00029464078130701966,-1.8967768141795405,0.41968280080139775,32.74051962267582,41.21700308433066,4.141460947088176,5.577554960236856,2768.688,1.5649820533392105,78.24910266696052,Degrading,65.0,Medium
B0007,103,24,3020.11,3.507816455272743,0.2757283357353109,2.0588247910323827,4.205246397279064,0.0003064408140206142,-1.9031485600103595,0.4052945132199409,33.38712825139849,41.89753189273277,4.106168727289112,5.62469817500744,2787.016,1.57497949984227,78.7489749921135,Degrading,64.0,Medium
B0007,104,24,3002.172000000006,3.5025243992110107,0.27939830506505453,2.007722684403967,4.201509838937999,0.00030635287906533796,-1.9028574663381217,0.40660201692694903,33.270627344923426,41.90270996402953,4.15734860812137,5.5818236403890635,2769.1410000000033,1.5652811168780458,78.2640558439023,Degrading,63.0,Medium
B0007,105,24,2992.703,3.505155823274424,0.26716096018418656,2.190682586389996,4.201909525379603,0.00029483633317403375,-1.8963219640753084,0.42073904575858384,33.115074143665915,41.48233804274523,4.145666540073196,5.5472371537483385,2749.61,1.559755497470126,77.9877748735063,Degrading,62.0,Medium
B0007,106,24,2964.468,3.4983646475135717,0.2800179112567817,2.008435320437976,4.199865517000471,0.0003130153341416419,-1.908430732943726,0.3948750790494943,32.90572814040102,41.641162265997195,4.18531988772862,5.519553305083662,2731.109,1.549897685670499,77.49488428352494,Degrading,61.0,Medium
B0007,107,24,2983.375,3.500140843862167,0.26887813430357094,2.1646360641399958,4.2008597336564515,0.0002900566557703219,-1.889754408573026,0.4344167924236918,32.953112654161664,41.433877603827945,4.228928723876436,5.503043443273644,2730.547,1.5438771531345021,77.1938576567251,Degrading,60.0,Medium
B0007,108,24,2975.297,3.49909547013937,0.2760027250501692,2.0647427536919833,4.20162098338246,0.00029992244201159876,-1.8959167588975119,0.4220196727922293,33.2282109237263,41.8543569979417,4.2233786094138015,5.5054777795976095,2732.25,1.5450187488690073,77.25093744345037,Degrading,59.0,Medium
B0007,109,24,2974.9850000000006,3.5010357611640615,0.26906391858600187,2.170172617792397,4.201149059944848,0.00029181131919584516,-1.889387844169526,0.4354171727207348,33.361342590516294,41.78271326384125,4.200820925974331,5.488386587295718,2722.25,1.5445940154102908,77.22970077051454,Degrading,58.0,Medium
B0007,110,24,2966.25,3.497212315865497,0.2725395525815381,2.120750718982474,4.200810741834928,0.0002924625490984342,-1.8889185963670394,0.4358379461976045,33.12431679486816,41.62744766181303,4.219242537204774,5.4648853812431595,2713.422,1.5343086721758876,76.71543360879438,Degrading,57.0,Medium
B0007,111,24,2956.359,3.496089957852059,0.271483182584801,2.13627215665258,4.200373974181371,0.0002924966205686916,-1.8885071150010755,0.4362675159871197,32.991553593266204,41.552128441464966,4.259597344555285,5.443512988157579,2703.515,1.5287603942958483,76.43801971479242,Degrading,56.0,Medium
B0007,112,24,2956.344,3.495877119417779,0.27453166041980637,2.0938572364769055,4.201791474587699,0.00029474994282145683,-1.8888180820733198,0.4365325722003185,33.2318318845246,41.839167194182565,4.262261181975609,5.444307341097111,2703.469,1.5289260249179843,76.44630124589922,Degrading,55.0,Medium
B0007,113,24,2956.406,3.493116071455022,0.2817618222544089,1.9959465760122976,4.20067023466464,0.00029761634179490814,-1.8887930414931369,0.43658181390188044,33.5098123920945,42.23998716092915,4.274457633860022,5.441182379748626,2694.094,1.529091650133123,76.45458250665615,Degrading,54.0,Medium
B0007,114,24,2947.266,3.492655946458748,0.279043030854902,2.0305769860653866,4.20021831736756,0.00029677830614663336,-1.888168080257056,0.43714861287355133,33.382402850667845,42.040902384977116,4.268524433351918,5.421918988770977,2685.156,1.5239059324661248,76.19529662330623,Degrading,53.0,Medium
B0007,115,24,2937.984,3.49208824531703,0.2761335994927761,2.0758803797636745,4.200674971032527,0.0002952928017575724,-1.887904907597145,0.43794829478988856,33.17829959346276,41.803429062834496,4.274613938139993,5.402074304203918,2675.594,1.5186675419100615,75.93337709550308,Degrading,52.0,Medium
B0007,116,24,2929.125,3.490216477408044,0.2758276886812699,2.0793549048242492,4.200371214024706,0.0002951941297908514,-1.8877303662432205,0.4384469835295734,33.01591345323486,41.6886924602386,4.313576443869671,5.38163506298379,2666.297,1.5136482266426952,75.68241133213476,Degrading,51.0,Medium
B0007,117,24,2928.454,3.4905931958620466,0.277468540309286,2.0585109366080414,4.200965645223048,0.00029709390483419857,-1.8878077163294114,0.438505597682676,33.271000362987586,41.988171601182124,4.3242665867829135,5.382167848540123,2666.047,1.5136050185229033,75.68025092614516,Degrading,50.0,Medium
B0007,118,24,2929.375,3.4911419366203664,0.2798972380490623,2.0253107306977376,4.201492773602507,0.0002990730478478274,-1.887674933393443,0.4384231819570503,33.61966967517867,42.33252236723314,4.305718262524468,5.384801675737266,2666.859,1.5139470614867965,75.69735307433983,Degrading,49.0,Medium
B0007,119,24,2946.031,3.49283645226053,0.280648377364394,2.0069579017420067,4.192768207316796,0.00031125024659177673,-1.901022727285377,0.41018924523222833,33.29697162630193,41.63553796804361,4.0496455069214905,5.456855397343847,2703.141,1.5339599193158786,76.69799596579394,Degrading,48.0,Medium
B0007,120,24,2955.438,3.5025157522808223,0.26895843585075985,2.19792648712031,4.204602036514753,0.00030311235391991895,-1.8951144121477894,0.42332838857169847,33.393130865360554,41.470498076928735,4.027667151212495,5.471447192534329,2712.375,1.5391372798653098,76.95686399326549,Degrading,47.0,Medium
B0007,121,24,2937.625,3.492953565598811,0.2795996279931968,2.0299415196572554,4.200995491738166,0.000306133315069573,-1.8941478117057606,0.42451541923358677,33.13820710362847,41.54038193238441,4.122985103685159,5.421260505402817,2684.531,1.5236247972838737,76.18123986419369,Degrading,46.0,Medium
B0007,122,24,2929.078,3.4917462636517236,0.27350870981613745,2.1171503915767786,4.201036137691208,0.0002975759755289269,-1.8875042014728922,0.4382617517151343,32.84069778843796,41.13947017697289,4.157487508293686,5.383917083795636,2676.125,1.5135813035589147,75.67906517794573,Degrading,45.0,Medium
B0007,123,24,2918.375,3.490432264232956,0.2729068935891816,2.1309899052747716,4.200762329918291,0.00029725623166505257,-1.8871434043422721,0.43906275735498046,32.75739655594484,41.09041922644824,4.183156275222846,5.3610987462604935,2665.719,1.5077850749847914,75.38925374923957,Degrading,44.0,Medium
B0007,124,24,2919.812,3.488861416967918,0.2728699120961805,2.1294318317485654,4.201013677167557,0.00029231821043071426,-1.8807630082774924,0.45190204705088705,32.77234087259374,41.10034021580957,4.202981030070509,5.343310353999166,2647.75,1.5031960676037333,75.15980338018666,Degrading,43.0,Medium
B0007,125,24,2900.422,3.4891932104785104,0.27114343726176793,2.164511453629433,4.200439147859412,0.0002972394844823662,-1.886419275237733,0.44033851342651237,32.720417557744895,41.03075447325996,4.201910479264187,5.324161013608342,2647.907,1.4978220596995881,74.89110298497941,Degrading,42.0,Medium
B0007,126,24,2901.375,3.4878785713375917,0.27036963128436114,2.1743012710834013,4.200264786461796,0.0002916450329119133,-1.8800039366336023,0.45328208839432876,32.710022803073514,40.99688397371006,4.212517381521927,5.305115004388002,2638.782,1.492848534633516,74.6424267316758,Degrading,41.0,Medium
B0007,127,24,2901.187,3.486430546073901,0.2689857507962565,2.1928976284966537,4.200151660684939,0.00028596921575734516,-1.8733366537372407,0.465528036840312,32.62076759783716,40.88481342461614,4.2318435663728,5.282982492286843,2628.687,1.492414389867026,74.62071949335129,Degrading,40.0,Medium
B0007,128,24,2891.64,3.4812572775226682,0.2805884049743061,2.0298495899147295,4.200453152662228,0.00029546829556004466,-1.879702248133121,0.45377105836715836,32.57651826255201,41.09400879501426,4.2680046087936,5.2768323677167315,2619.375,1.487482776538081,74.37413882690404,Degrading,39.0,Medium
B0007,129,24,2882.906,3.4823550791204023,0.2757345575864043,2.0959492247836815,4.200291122451955,0.0002942860891944062,-1.8790751470067306,0.45452900446391487,32.58396494906228,41.01377835587309,4.266172820747234,5.260753321907949,2610.672,1.482535148640411,74.12675743202055,Degrading,38.0,Medium
B0007,130,24,2883.265,3.4835074286280525,0.2702230568822358,2.177723491219515,4.199877643371451,0.0002873615401036422,-1.8728728303565048,0.46708909531252873,32.623742674615976,40.90635248178393,4.259765769333201,5.2446010409404655,2601.094,1.4827874322228984,74.13937161114492,Degrading,37.0,Medium
B0007,131,24,2882.969,3.478976541530706,0.2785599820113761,2.056251340337525,4.200436806124781,0.0002902558654978652,-1.8726786421400121,0.4668330320827534,32.58599202496769,41.06596192416311,4.30066202858035,5.236702371876375,2600.719,1.476971179775059,73.84855898875296,Degrading,36.0,Medium
B0007,132,24,2891.656,3.483501191305966,0.2710187642003124,2.1512510632923165,4.193077426787744,0.0002884513398012566,-1.872734820116884,0.4662180398477774,32.864544723781215,40.84520330629611,4.080941387761504,5.2615001542053506,2609.969,1.4819015554137276,74.09507777068637,Degrading,35.0,Medium
B0007,133,24,2901.25,3.4899701994096612,0.27165150373790076,2.1693699073642034,4.203372086437543,0.00029671614055956527,-1.8800362373714223,0.453311253523682,33.079651096902374,41.12807910254104,4.10422717641776,5.309128082147545,2638.718,1.4981366198874824,74.90683099437412,Degrading,34.0,Medium
B0007,134,24,2891.703,3.484801138956006,0.2744248030587602,2.116759239247948,4.202065190134895,0.00029238476828553125,-1.8730214281226414,0.46638797880400595,32.932141650182686,41.094988453128494,4.167224495126409,5.264024064665989,2609.859,1.4820775214392872,74.10387607196436,Degrading,33.0,Medium
B0007,135,24,2883.016,3.47835437960934,0.28185158475661226,2.009424225590032,4.200086642861885,0.00029359680624637595,-1.8725486136074456,0.4670460159468524,32.755748003791545,41.11877573165318,4.224926755149784,5.237249791138279,2600.844,1.4771155312812152,73.85577656406076,Degrading,32.0,Medium
B0007,136,24,2873.453,3.475694933923807,0.2821225408880852,2.0034792344341588,4.199758658258613,0.00029331007495443325,-1.8724613181992062,0.46760190562357584,32.52965474617847,40.980034990626955,4.271493224906279,5.215196688731701,2591.5,1.4720772783056488,73.60386391528245,Degrading,31.0,Medium
B0007,137,24,2874.031,3.481431873453954,0.27031845545040223,2.172988732474185,4.199843161074874,0.0002859999522110032,-1.8659419458758726,0.4798199080245358,32.848065199041,41.017509953482886,4.229905234799717,5.2056982980811926,2582.156,1.472248013656454,73.6124006828227,Degrading,30.0,Medium
B0007,138,24,2874.234,3.4796060336232353,0.2760443341294343,2.087464676179042,4.200352076636086,0.00028850966686058547,-1.865786095147701,0.4796371624062805,33.072327061961936,41.299420742573055,4.223536418835768,5.2042396475068236,2582.672,1.4670106672274665,73.35053336137332,Degrading,29.0,Medium
B0007,139,24,2864.984,3.4782258967329596,0.27467455818201325,2.110564313669325,4.200169604165679,0.00028755261161794433,-1.8654605849037513,0.4803629887383534,32.85096451719535,41.105738037939375,4.2315095942649,5.183086991629311,2572.937,1.4617672495335379,73.08836247667689,Degrading,28.0,Medium
B0007,140,24,2855.093,3.4743233868367187,0.2773685437531875,2.0724687293779813,4.199911577879335,0.00028815532647864816,-1.865134613881632,0.48115670765904056,32.572302329954546,40.87704013237699,4.272118524208809,5.159398601553586,2563.812,1.4566952670489708,72.83476335244853,Degrading,27.0,Medium
B0007,141,24,2855.625,3.4737305453330443,0.27350409030007017,2.1253826973270513,4.199564012073342,0.0002820737529860693,-1.858515986418667,0.4926088565466325,32.450684441760906,40.730219862268235,4.307107583090939,5.139631324826036,2554.344,1.451354972758956,72.5677486379478,Degrading,26.0,Medium
B0007,142,24,2855.594,3.47481272321405,0.27411896588082374,2.1147331324879475,4.199951033620322,0.0002836896638302693,-1.8588972649148483,0.49288536462136934,32.7394359440147,41.03226257370644,4.314471991597492,5.142634517149567,2554.031,1.451615926257375,72.58079631286874,Degrading,25.0,Medium
B0007,143,24,2847.437,3.476096426841386,0.2707101067699333,2.1738445330859366,4.19995987158867,0.00028242807253315986,-1.8581969672334215,0.49363110012121336,32.775898242252914,40.89527781087817,4.253460060290458,5.127232456586971,2545.797,1.4468161332173683,72.34080666086842,Degrading,24.0,Medium
B0007,144,24,2847.36,3.4686822529487804,0.2832693778438166,1.9947266977360072,4.200414702164272,0.0002860674730693912,-1.8581200056254086,0.4934164587081907,32.5817324044051,41.02491521192672,4.322639954618495,5.1170683794272405,2536.047,1.4467570607768785,72.33785303884392,Degrading,23.0,Medium
B0007,145,24,2837.328,3.4661964701943586,0.2821947324675514,2.0033802121225017,4.199552965128597,0.0002853641890507015,-1.8577209868352302,0.4943028089733894,32.35021153014993,40.815968345794715,4.367565785231717,5.093883026809433,2526.375,1.4413797481446793,72.06898740723396,Degrading,22.0,Medium
B0007,146,24,2837.281,3.468183423895935,0.27403294432013725,2.116470909151213,4.199706970400125,0.00027920773812558643,-1.8512458354075154,0.5055252635242714,32.28754240914786,40.65138669632271,4.387918298052043,5.078538544844806,2526.484,1.4362456252208178,71.8122812610409,Degrading,21.0,Medium
B0007,147,24,2838.515,3.4678606629897453,0.27831710554100686,2.051877342511651,4.199300346769649,0.0002814063278641945,-1.8514531972432,0.5055032219238349,32.603239183227075,40.965385542419945,4.3654701294274805,5.080807500363934,2517.547,1.4368154153924828,71.84077076962414,Degrading,20.0,Medium
B0007,148,24,2828.328,3.4662499547181245,0.28238524242891305,2.003221375307111,4.200086391757318,0.00028717904615671656,-1.8574211435317929,0.49499694759507895,32.61208344144242,41.11319128215138,4.37997105530099,5.076716334479656,2516.953,1.4362945145860047,71.81472572930024,Degrading,19.0,Medium
B0007,149,24,2838.265,3.462469269360201,0.28188198416963234,1.9865974995249178,4.189989265375979,0.0002853897231185034,-1.857823928669184,0.4943078671975977,32.26742656599958,40.78738321989129,4.383264304717054,5.090821984413498,2527.093,1.4418575315878015,72.09287657939008,Degrading,18.0,Short
B0007,150,24,2864.547,3.480518309485383,0.270428573348554,2.1908121182442706,4.202670619155847,0.0002919862532021827,-1.8658259561850365,0.4805485663838978,32.637733704417855,40.73001188190229,4.214467261135465,5.187700169643942,2582.281,1.4672063484781797,73.36031742390898,Degrading,17.0,Short
B0007,151,24,2846.39,3.4723137993738336,0.2802109931464832,2.033261415031626,4.199186500777735,0.00029445432197882705,-1.8647784241320742,0.4816733351722642,32.665258715232376,40.990354594470126,4.283289390084547,5.140778806030942,2554.953,1.4518640367848885,72.59320183924443,Degrading,16.0,Short
B0007,152,24,2837.969,3.474362108592906,0.2695426070546689,2.19135439601875,4.199638763972608,0.0002857038652304982,-1.8578958465335809,0.4944188415321409,32.502652632323915,40.62521315513875,4.270076308909606,5.10765999483182,2536.469,1.4471379752748499,72.35689876374249,Degrading,15.0,Short
B0007,153,24,2838.156,3.4722823212388754,0.2699344065566691,2.1840705012733683,4.200028390360542,0.0002814666693876953,-1.8511947629213035,0.5056082033558461,32.446842086875606,40.58944296824891,4.299125865852939,5.085841638676288,2526.875,1.441790586562399,72.08952932811995,Degrading,14.0,Short
B0007,154,24,2829.843,3.4701761898320465,0.2710858021641952,2.1664368343684446,4.199347098159206,0.00028128046450597423,-1.8509042611451945,0.5063097294204744,32.39361892904713,40.584393586876246,4.325115898670607,5.065575565241512,2518.015,1.431630947911111,71.58154739555555,Degrading,13.0,Short
B0007,155,24,2829.625,3.4635011119445216,0.2832898045943784,1.987193667465448,4.199148920577739,0.00028526780198102723,-1.850858274670624,0.5063070156205356,32.417221778010834,40.884444140401214,4.3883223279882495,5.057915257246365,2508.75,1.4318084249673686,71.59042124836843,Degrading,12.0,Short
B0007,156,24,2819.437,3.467453100453348,0.2734041808329979,2.1314172797434523,4.199648027535327,0.00028256158039807435,-1.8504182940365097,0.5071972807923033,32.40094040453025,40.65159637790841,4.3463556783787,5.042934270979153,2508.375,1.4262562585106868,71.31281292553435,Degrading,11.0,Short
B0007,157,24,2819.579,3.4675864728547845,0.2695141803952856,2.188995882590831,4.1991931757384515,0.00027701909092036855,-1.8436892876926974,0.5181427821072656,32.36314241861482,40.53138082339522,4.351714431704272,5.02354258517458,2498.5,1.4260877528924913,71.30438764462457,Degrading,10.0,Short
B0007,158,24,2810.672,3.462182535852444,0.2801600866578969,2.0322464946417114,4.199053572226856,0.000284666579363884,-1.8498733070449755,0.507894137527647,32.382600705235255,40.821433488540606,4.4093849536368666,5.018374205329639,2489.64,1.4212633510031694,71.06316755015847,Degrading,9.0,Short
B0007,159,24,2811.485,3.465962999117946,0.2708827931569411,2.1695130053947387,4.199879744716988,0.0002782412216823769,-1.8432877207292044,0.5188324984812375,32.4323818014572,40.643362943412974,4.376928450134194,5.00602025669079,2490.61,1.4163272748795108,70.81636374397554,Degrading,8.0,Short
B0007,160,24,2802.422,3.4601727514874407,0.28320564015052707,1.9917978280585305,4.1986801794397035,0.0002859315703513676,-1.8494580225090995,0.5087585272156274,32.48861829940489,40.97063567014205,4.415256194230411,4.999351185861967,2481.234,1.4165781829175994,70.82890914587998,Degrading,7.0,Short
B0007,161,24,2801.625,3.464226115253961,0.2718094069576828,2.1534486462617073,4.199235005181635,0.00027895995175661965,-1.8426221358637018,0.5198946086774101,32.524062377970175,40.74888323397497,4.383646752360037,4.984342512615656,2480.625,1.4108401729425177,70.54200864712588,Degrading,6.0,Short
B0007,162,24,2802.031,3.458799193390812,0.28154248712251484,2.0101572712330453,4.198950996279868,0.00028156702563394303,-1.8427098003104345,0.5196065660798354,32.482615965621896,40.93461596721165,4.428070620096844,4.977882562770953,2471.281,1.4109949628347804,70.54974814173902,Degrading,5.0,Short
B0007,163,24,2793.39,3.4620805499710854,0.27338203683256124,2.132718741006573,4.199393701075195,0.00027955162518875505,-1.842239518040086,0.5205366588751019,32.46389583182878,40.74175890345818,4.408949817284241,4.964795253299911,2472.172,1.4061714290398801,70.30857145199401,Degrading,4.0,Short
B0007,164,24,2793.39,3.4578782949034514,0.2814693412732219,2.0114763339798887,4.198994975977764,0.0002823098518436262,-1.842252843487983,0.5205423339703974,32.55681404542561,41.00964443691023,4.442695390898806,4.96017483505558,2462.75,1.4063358479692922,70.31679239846461,Degrading,3.0,Short
B0007,165,24,2792.485,3.461590937144894,0.2711287554522599,2.1610456063312298,4.198421699164089,0.00027556903398952536,-1.8356063485512333,0.5311150305328971,32.576296430484255,40.80558697887537,4.412579006003441,4.944160349782614,2461.547,1.4004552399066514,70.02276199533257,Degrading,2.0,Short
B0007,166,24,2802.016,3.462906230864041,0.28163618896619136,2.0143553387267827,4.188887274283021,0.00029146672084028687,-1.8561013515700384,0.49740511520485786,32.81804879809979,40.92586026351328,4.125296278923238,5.022533721006542,2490.625,1.4217865046055154,71.08932523027576,Degrading,1.0,Short
B0007,167,24,2820.39,3.4753580425264796,0.27473843821115856,2.1732119934933296,4.2050716026539625,0.0002911691434871242,-1.8574370794605966,0.49591138171784854,32.92941193334214,40.57390100608222,3.9194235342978154,5.076871747570432,2519.015,1.4324552720625434,71.62276360312717,Degrading,0.0,Short
B0018,0,24,3434.891,3.5275462263272543,0.2356155544529411,2.4721608434600437,4.188195942647034,0.00033039718339830947,-1.9541761960216968,0.32755521190017756,31.773285281389256,38.10180309676608,3.3892433008816,6.605962018502889,3281.11,1.8550045207910817,92.75022603955408,Healthy,96.0,Long
B0018,1,24,3425.485,3.534835576186522,0.23789656784178786,2.4114381994148304,4.186703558364525,0.00032063076690606824,-1.9474374301153292,0.34474912073135366,31.924891594728642,38.14987995994155,3.2752302224155914,6.580582365559429,3260.625,1.8431955317089987,92.15977658544993,Healthy,95.0,Long
B0018,2,24,3410.375,3.538246596159443,0.23728971261206758,2.394395968141027,4.188811210133346,0.00032605023077789813,-1.9520511323479741,0.33092880126857177,31.31691283374216,37.5266914843442,3.2627553263141578,6.572161523569824,3254.219,1.8396018424355423,91.98009212177712,Healthy,94.0,Long
B0018,3,24,3404.719,3.537697945111872,0.23668744588744997,2.3999481734774424,4.188875360300162,0.0003191016498124381,-1.9460914562122762,0.3479124254783602,30.821190751176527,37.06279237079503,3.286261154647626,6.542093183191507,3247.344,1.8306736044962053,91.53368022481027,Healthy,93.0,Long
B0018,4,24,3417.641,3.542667604586918,0.2394353252581165,2.3851461229395867,4.189908817357781,0.0003137333964389394,-1.9412796601390512,0.3634908467567985,31.95346971511436,38.2110354381278,3.299128199072179,6.561620264861134,3248.985,1.8327002069419656,91.63501034709827,Healthy,92.0,Long
B0018,5,24,3411.766,3.5451037330477333,0.24110752752449982,2.3716770708389117,4.190509582057232,0.0003154615681905535,-1.9400338819083036,0.36496332223544575,32.02311236185272,38.17496505957075,3.208976723644848,6.552347173139051,3242.422,1.8285288846046388,91.42644423023194,Healthy,91.0,Long
B0018,6,24,3399.516,3.5475142438631493,0.2318511800008401,2.4964491577040793,4.1903241054041,0.00030026463881366506,-1.9335667184847714,0.3808832811419138,31.634533158077694,37.64038685475582,3.1972191610410667,6.510935282119033,3229.078,1.8212011895697924,91.06005947848962,Healthy,90.0,Long
B0018,7,24,3388.75,3.544812433691423,0.2359561532347725,2.4374506721131883,4.190302498850287,0.000302653526869879,-1.9332161326561408,0.3824771942488669,31.288194921595714,37.37602884738843,3.2292773880953023,6.485516195788007,3217.75,1.8151700106433282,90.75850053216641,Healthy,89.0,Long
B0018,8,24,3380.406,3.5434780274164095,0.23682620647693875,2.4152206992194847,4.188517549229078,0.00030215941119919907,-1.9325959489970461,0.3841188149850458,31.11122470608501,37.28928029078695,3.2781775320054463,6.46432844294817,3197.891,1.8042980520967649,90.21490260483824,Healthy,88.0,Long
B0018,9,24,3404.141,3.543133206790044,0.2397794991641069,2.377432309524995,4.191794143442699,0.000307652445805607,-1.9387520938161948,0.36905252794524707,31.13166983979621,37.52377766578506,3.332242371690498,6.529319464894373,3231.25,1.8231002302844226,91.15501151422113,Healthy,87.0,Long
B0018,10,24,3396.141,3.545155146280937,0.2394912052033424,2.3887487262583647,4.190699409462101,0.0003024572732556849,-1.9319248326301843,0.38518004774627046,31.51305775907457,37.72420412562674,3.2605514489475476,6.496434356527787,3211.625,1.8121253520255494,90.60626760127747,Healthy,86.0,Long
B0018,11,24,3384.094,3.545032366549762,0.23636543687105385,2.432289857016922,4.1902633112754275,0.0002933478409650626,-1.9249594896453863,0.4008923507156673,31.31102568785445,37.41366095304306,3.221069707400618,6.450869402096179,3198.812,1.8046916382117766,90.23458191058883,Healthy,85.0,Long
B0018,12,24,3370.656,3.5440892170496827,0.23152309725169407,2.497495633221204,4.18970538556629,0.0002834022457825414,-1.9179528942264992,0.41604798160412765,30.893964711700164,36.94724908852665,3.2329854477192024,6.400083103443723,3174.0,1.790844349786295,89.54221748931475,Healthy,84.0,Long
B0018,13,24,3357.797,3.541317108618481,0.23215997251902853,2.478768686108376,4.188354430914051,0.00028183133924145667,-1.917373033348097,0.41771515683186444,30.540598970902945,36.707091312059944,3.289215654112624,6.368777476901511,3160.36,1.783470722841926,89.1735361420963,Healthy,83.0,Long
B0018,14,24,3363.015,3.541197979542517,0.23984848741538095,2.3858494078680206,4.193543208571066,0.0002873045201234705,-1.9180652422275581,0.41851037792194934,30.82566018736547,37.13061214416645,3.353002685245749,6.381690886205913,3164.187,1.7809386125310702,89.04693062655352,Healthy,82.0,Long
B0018,15,24,3357.734,3.541255460524434,0.24107515468634144,2.372854084449551,4.190238041929225,0.00028346213039044405,-1.9106033469326071,0.4333538762209249,31.451400678644536,37.686600065941576,3.325243999668731,6.350066328397916,3147.281,1.771209039672698,88.5604519836349,Healthy,81.0,Long
B0018,16,24,3344.187,3.5427478949705886,0.23851613291467513,2.4086912736769084,4.19075698083662,0.0002806038314133436,-1.909404549449075,0.4345292193646614,31.518847747922937,37.633580732302406,3.2500563963932576,6.322285557135763,3133.297,1.7686303996707076,88.43151998353538,Healthy,80.0,Long
B0018,17,24,3339.969,3.541251093602656,0.23208831014050751,2.496331992137246,4.189715378549557,0.00026687666764518337,-1.8960567702455413,0.4608372568983002,31.11237289077096,37.15252578645951,3.2602557029885486,6.2667112073785995,3106.531,1.7536304801917124,87.68152400958562,Healthy,79.0,Long
B0018,18,24,3327.641,3.5350260562177453,0.23636791212783306,2.4199896352919668,4.187635645163932,0.00026701684219576345,-1.8948411660605735,0.46289745724666687,30.586452588663985,36.78829001793698,3.3321205431155807,6.22985512656435,3093.047,1.7462197416415093,87.31098708207547,Healthy,78.0,Long
B0018,19,24,3312.844,3.5326627624319777,0.24166851701811512,2.3587321881999297,4.191004692440202,0.00027411266235484726,-1.90021436299665,0.4524585670439338,30.242913021104116,36.541146197392216,3.3512442282208244,6.215980766885244,3088.156,1.7376647337053737,86.88323668526868,Healthy,77.0,Long
B0018,20,24,3302.031,3.5333109441755526,0.2353392099181246,2.4458096660548825,4.1906972904216495,0.0002653934403343078,-1.8936767267608487,0.46616024714206783,30.10270376338569,36.372087786130464,3.377498800277712,6.1737717556676035,3065.547,1.7315166735475835,86.57583367737918,Healthy,76.0,Long
B0018,21,24,3305.547,3.52738705832889,0.23900387966523803,2.3808537751929744,4.185877977731026,0.0002567750483739672,-1.8739718829459886,0.5016651228882696,30.251184852221932,36.52608510498833,3.396238619784166,6.107633814569133,3035.219,1.7085949894470602,85.42974947235301,Healthy,75.0,Long
B0018,22,24,3289.562,3.5296025965720452,0.23587487275103497,2.436955746154759,4.188109147549676,0.000256079742802981,-1.8791764961687347,0.4927171230526787,30.212407704391104,36.476252762052624,3.4037650864430775,6.097844923269956,3029.219,1.711469957068211,85.57349785341056,Healthy,74.0,Long
B0018,23,24,3283.797,3.5289707694229833,0.23400423826258288,2.4671365731790713,4.188302415854336,0.00025325190422509944,-1.8780560689384003,0.4939304971807474,30.125011009636175,36.377208902376694,3.4207160165279014,6.0821130116730355,3022.578,1.7075021373272627,85.37510686636314,Healthy,73.0,Long
B0018,24,24,3325.235,3.5322741848919814,0.23858471665050535,2.4129371999368505,4.18962510592865,0.00027016230726311996,-1.8993718818269214,0.45598750208160416,30.22428629982563,36.64000948247426,3.4339337984234866,6.235171287589187,3095.766,1.7492382064360228,87.46191032180114,Healthy,72.0,Long
B0018,25,24,3317.547,3.532438322521663,0.2435419818393612,2.3497771039810256,4.190150750158746,0.0002683988850055216,-1.8926958551018211,0.4697948293651852,30.976376254737342,37.38165499248184,3.4306235725098313,6.20145895173365,3076.266,1.7327697147429955,86.63848573714978,Healthy,71.0,Medium
B0018,26,24,3311.766,3.5363211310943603,0.2339338166813496,2.4904700018477026,4.189151018945234,0.00025519651972482623,-1.8783667048362822,0.4950470415463233,31.41570291330098,37.59824760372582,3.366151084565415,6.1492329208437795,3047.0,1.7222313328292376,86.11156664146188,Healthy,70.0,Medium
B0018,27,24,3305.218,3.533535274219931,0.2359904036028267,2.4650908929255406,4.189631312089484,0.0002514758009921474,-1.870834339681941,0.507764643561668,31.383299841535273,37.560555155163414,3.356965113910435,6.108755155903539,3028.64,1.711846298984729,85.59231494923645,Healthy,69.0,Medium
B0018,28,24,3295.453,3.527012841842043,0.242952334807339,2.363133281953362,4.187690359657657,0.00025246663295407714,-1.8696567234639716,0.5096182399964857,31.167937826253635,37.52114200586718,3.422259431092308,6.075430039165749,3017.062,1.699267835126687,84.96339175633435,Healthy,68.0,Medium
B0018,29,24,3287.0,3.52925730014011,0.23562596170592504,2.4790616361836206,4.190215357888677,0.0002460767976867486,-1.8623726014599724,0.5218817031204004,30.994690437264207,37.21887096740918,3.4044019218347645,6.037509837885094,2996.406,1.6940366439243106,84.70183219621553,Healthy,67.0,Medium
B0018,30,24,3276.922,3.527821497534469,0.2348918872075118,2.491905723274248,4.189776104976122,0.00024236329548630282,-1.8547843408980225,0.5343935057246717,31.055317978554886,37.33441415744885,3.444324786448923,5.992479210089513,2974.062,1.6819027078768087,84.09513539384044,Healthy,66.0,Medium
B0018,31,24,3268.687,3.525692957415014,0.23964142570667826,2.4337177596826547,4.189846430994002,0.00024421850395222255,-1.8538766950740675,0.5360454651325246,31.373945543706103,37.7331798444306,3.481141363540428,5.972643333649454,2964.968,1.6769770618433686,83.84885309216843,Healthy,65.0,Medium
B0018,32,24,3260.594,3.5243962482347273,0.23906730756801445,2.4424506461535755,4.188109551881256,0.0002403701111583493,-1.845735037450336,0.5481632922577944,31.56128410753226,37.84649344841882,3.4519301147829986,5.93026050641018,2944.594,1.6655229306478936,83.27614653239468,Healthy,64.0,Medium
B0018,33,24,3258.812,3.520797576383474,0.23898022240623704,2.4383419399858552,4.186368648390758,0.0002355133541482087,-1.8382538558498933,0.5592550058413754,31.318474723902874,37.670164941661795,3.479671046869549,5.894184369491583,2929.781,1.6571924575832084,82.85962287916043,Healthy,63.0,Medium
B0018,34,24,3243.422,3.519457281260753,0.2424910982322856,2.4157245398944123,4.1901657245031085,0.00023902275813811482,-1.8435676915974055,0.5514391809129776,31.104012325043946,37.53185198546868,3.502286924662153,5.882001220236545,2913.422,1.6482241555294048,82.41120777647023,Healthy,62.0,Medium
B0018,35,24,3236.515,3.513165600287965,0.2501534875196626,2.323395712524894,4.189966178473989,0.0002390686013358975,-1.83704467002657,0.5613521431263848,30.989730398009076,37.593333753421376,3.552531731625153,5.841060655204536,2894.484,1.6387701497987262,81.93850748993631,Healthy,61.0,Medium
B0018,36,24,3230.734,3.517217159454334,0.2360542563715132,2.4985039496028567,4.188259618341401,0.00022695883644253273,-1.8211904293154166,0.5844065284351198,30.967851972472324,37.361410110678264,3.53816546965165,5.781689327753662,2875.875,1.6276486907262062,81.38243453631031,Healthy,60.0,Medium
B0018,37,24,3222.093,3.5120091114107965,0.24801564173667426,2.350237238739749,4.1897400575765795,0.00023384143976159312,-1.8270453339799269,0.5765078413987346,31.285342046153826,37.899803246715464,3.613158829408131,5.778619557206315,2865.359,1.62215370227252,81.107685113626,Healthy,59.0,Medium
B0018,38,24,3220.344,3.50911052654104,0.24872755259651547,2.3337740352348813,4.1862359225351335,0.00023005159343630563,-1.819052179250902,0.5872722027551459,31.41096207271253,38.03149707759718,3.593965009145032,5.74533972233902,2839.703,1.6140066510467586,80.70033255233793,Healthy,58.0,Medium
B0018,39,24,3250.75,3.516106699716392,0.2523387804840423,2.317647291087635,4.189625262426538,0.000262311165121851,-1.8693745969498121,0.51064241745496,30.755137125871208,37.42220155418978,3.585252505516807,5.977868330426037,2961.859,1.6760516154424623,83.80258077212311,Healthy,57.0,Medium
B0018,40,24,3239.344,3.519010068254593,0.23801950601597288,2.492394514304757,4.186586244011676,0.00024068950842450883,-1.839770443871628,0.5568545144084124,30.977446633931525,37.32511174435206,3.483997639834989,5.864258554154769,2914.563,1.649300642552199,82.46503212760994,Healthy,56.0,Medium
B0018,41,24,3222.25,3.5124212742229295,0.24764027911477246,2.372828310153791,4.189366482043888,0.000242304513427018,-1.837963396328485,0.5595593689454879,30.800512192698992,37.31088262198154,3.5387349615325,5.816938623399513,2884.063,1.63238299185809,81.6191495929045,Healthy,55.0,Medium
B0018,42,24,3206.157,3.50815215295169,0.24868814670433595,2.3560703177076867,4.188553804618968,0.00023819592073904338,-1.8296109578903785,0.5718849545545559,30.616192795676138,37.232346556887364,3.5940179207817446,5.753148435846384,2855.157,1.6164159719025777,80.82079859512888,Healthy,54.0,Medium
B0018,43,24,3197.969,3.508648568515266,0.24124748892293107,2.4644431530094417,4.188764708195774,0.00023064745695692567,-1.8210831511954937,0.5838696197039824,30.399839302766903,36.94850857727268,3.6128336064459083,5.7088449721131855,2833.797,1.6109028378249377,80.54514189124689,Healthy,53.0,Medium
B0018,44,24,3181.625,3.5051993439595477,0.2454833870794045,2.4195167274486726,4.188636968174337,0.00023302042488027648,-1.8199201144788144,0.585778278664795,30.38386825126278,37.002663545357386,3.638873017099413,5.672315619450728,2817.297,1.5954638693695657,79.77319346847828,Degrading,52.0,Medium
B0018,45,24,3302.36,3.523165280193865,0.2527663680637224,2.3422406504312434,4.188466199744378,0.0003134524674147478,-1.8951156248467713,0.46384469380226484,30.576239500422748,36.71025442949399,3.311198636334725,6.173320133237786,3065.61,1.726707440085764,86.3353720042882,Healthy,51.0,Medium
B0018,46,24,3285.812,3.527269876472835,0.24691761491563502,2.3755467142668496,4.189570916346704,0.0002947248431361208,-1.8867694858233446,0.4783212150453822,30.705906284556665,36.72807623650589,3.2649850728849206,6.121258388039251,3037.047,1.7165673917429753,85.82836958714877,Healthy,50.0,Medium
B0018,47,24,3260.016,3.526762654741574,0.24197228881643837,2.4146291375325917,4.189584987657955,0.0002791552796505078,-1.8786631828974334,0.49324032814050023,30.62583594950684,36.72959308355185,3.3054118485896375,6.044040750026432,2999.438,1.6958235570934848,84.79117785467423,Healthy,49.0,Medium
B0018,48,24,3240.031,3.523020179476104,0.24328040938365159,2.3844645496129964,4.189371286385834,0.00027046564136138583,-1.8704748023295987,0.5073349121605789,30.597357068657974,36.787462351640364,3.350287383237389,5.973690029167934,2967.109,1.6777783190792557,83.88891595396278,Healthy,48.0,Medium
B0018,49,24,3232.265,3.519792345798265,0.24184899896763243,2.398646371281655,4.187606340824144,0.000259885819270547,-1.8562833971202242,0.5317240593773815,30.528493896066262,36.75689163314213,3.3691133878538584,5.908261501768427,2935.359,1.6606586897774192,83.03293448887096,Healthy,47.0,Medium
B0018,50,24,3232.031,3.5251014582287223,0.23939833635840463,2.4557130111721626,4.188829347125095,0.00026205370227153486,-1.8625354754370638,0.5212662196305107,31.203754246103966,37.350157630970955,3.3761499104047052,5.9365158337472534,2945.813,1.6664109274827466,83.32054637413732,Healthy,46.0,Medium
B0018,51,24,3209.5149999999994,3.518519199837846,0.24895502990812382,2.323665882820083,4.189202115880737,0.0002640990801881309,-1.8606833274060013,0.52395009380152,31.172639449335037,37.48126030855565,3.3931075584998456,5.880005908742284,2922.202999999994,1.6468336174407805,82.34168087203902,Healthy,45.0,Medium
B0018,52,24,3196.125,3.5190801794284594,0.2364897838479307,2.488054079510012,4.186778882107656,0.00024778076503247006,-1.8383636766891702,0.5585249663671572,30.96825922704022,37.125443897626305,3.372510067494465,5.783159680294192,2873.25,1.6257639928779952,81.28819964389976,Healthy,44.0,Medium
B0018,53,24,3172.562,3.5114167272902406,0.248742640175246,2.3306937114568003,4.187888599491238,0.00025434289726028166,-1.8436958588115397,0.5507329669971996,30.821704306343133,37.19112571388883,3.461125225709339,5.7457653853866315,2848.484,1.6121577411874595,80.60788705937297,Healthy,43.0,Medium
B0018,54,24,3172.735,3.5108038681605738,0.2451594140795012,2.389399831578687,4.18915752014188,0.0002484918068390339,-1.8362729789790888,0.5621879622030944,30.765219721637393,37.17642722353301,3.5039644474399885,5.720893468745205,2836.563,1.6057366823755344,80.28683411877672,Healthy,42.0,Medium
B0018,55,24,3238.109,3.51432611790755,0.2423708210517989,2.4864200723178747,4.191289655270872,0.00027088223954236995,-1.864690278795044,0.5180525818431642,30.809988428281613,37.11936678632194,3.5173638369613456,5.949175248640903,2957.656,1.673645314879889,83.68226574399445,Healthy,41.0,Medium
B0018,56,24,3191.063,3.5196664048265607,0.24183473310310893,2.4673631110639858,4.190628233635541,0.0002627914123263354,-1.8572649157581866,0.5299496773990815,31.039033590700278,37.2702464066457,3.4166236340276392,5.835627280250447,2897.953,1.6404348572349936,82.02174286174969,Healthy,40.0,Medium
B0018,57,24,3165.828,3.512403849382274,0.24831044327729748,2.375173080957567,4.189158279329032,0.00025944444366867835,-1.8483454421357695,0.5439678410748331,31.04176453157222,37.39550861947664,3.4608039477331194,5.751919252855697,2860.828,1.6132653317422077,80.66326658711039,Healthy,39.0,Medium
B0018,58,24,3140.407,3.5077862234460104,0.24798510872806295,2.371626022111289,4.185868202467219,0.0002541470079379537,-1.839168422289249,0.5579580602841322,30.959784195511766,37.378956702246384,3.5047181709345994,5.669096434525153,2811.219,1.5920964324686278,79.60482162343139,Degrading,38.0,Medium
B0018,59,24,3131.922,3.5076596102713244,0.24176513200558977,2.463955873060647,4.186906972044146,0.00024608473489606076,-1.8303326102702338,0.5706945055301016,30.843513277103145,37.245718322158105,3.536345990527338,5.624144533946231,2801.375,1.5866011820698824,79.33005910349412,Degrading,37.0,Medium
B0018,60,24,3121.109,3.5074833565874615,0.24237941979502164,2.475545296633258,4.189576283423886,0.00024608037414572105,-1.829290599843924,0.5724466902011421,30.797157400797865,37.21755583353321,3.5441345376258013,5.600307583796687,2777.406,1.5800766490336253,79.00383245168126,Degrading,36.0,Medium
B0018,61,24,3105.265,3.5023865933440717,0.25006126825340175,2.3791563087604626,4.189808713646982,0.0002491876945659787,-1.8278449003095165,0.5742593028566971,30.984434580754094,37.56150979821064,3.597021783529328,5.560732362380677,2760.75,1.5641732953289167,78.20866476644584,Degrading,35.0,Medium
B0018,62,24,3091.25,3.503693493885047,0.24293051873935917,2.4776158338943337,4.188889298039903,0.00024185135296360576,-1.8188198987741453,0.586841984204412,30.967899275139946,37.4174791317661,3.567101754621834,5.507197042856149,2733.656,1.555618272193922,77.7809136096961,Degrading,34.0,Medium
B0018,63,24,3076.703,3.4989948462048113,0.24757542528094925,2.4205549690097223,4.188220838257245,0.0002428997593144673,-1.817194042260449,0.5888596862938004,30.976616345195186,37.55101533655474,3.612043072703485,5.469315485213863,2717.969,1.5402045278637397,77.01022639318698,Degrading,33.0,Medium
B0018,64,24,3062.328,3.495405576723954,0.24806656368733818,2.415388497112405,4.186454063976498,0.00024182997464483648,-1.8157980815469454,0.5908996546649903,30.89768961926806,37.59895044072871,3.6899668834506327,5.434324950251752,2691.281,1.5321613015959863,76.60806507979932,Degrading,32.0,Medium
B0018,65,24,3050.563,3.494528300232307,0.25131607085775737,2.3974205597873093,4.1895672733133145,0.00024604599007252485,-1.822108117298183,0.5821582195156936,30.81568822237933,37.489239782169804,3.6600445083242987,5.4309238764549566,2690.11,1.5316232403693415,76.58116201846707,Degrading,31.0,Medium
B0018,66,24,3034.672,3.4962554827793926,0.24403995501441178,2.497752653580319,4.1892977641056035,0.0002390545026168845,-1.8129628028687814,0.5952783563830066,30.726188079151118,37.37911114363861,3.6681577159350525,5.37471767512795,2672.906,1.5222595950771978,76.11297975385989,Degrading,30.0,Medium
B0018,67,24,3031.25,3.48769646191346,0.25261083356899555,2.3726090777895896,4.186793087812023,0.00023942580857470362,-1.8044876731207795,0.6065337513252166,30.76818712651005,37.559604168615785,3.7358773030403323,5.331895052975833,2644.563,1.5065267126851283,75.32633563425641,Degrading,29.0,Medium
B0018,68,24,3011.343,3.486547580844067,0.25421974568816713,2.36844257542991,4.188594535127793,0.0002425048693880387,-1.809986175960184,0.5993292137989468,30.775415173787835,37.61805450748922,3.740419157450185,5.312014823640776,2634.921,1.5014219556532926,75.07109778266464,Degrading,28.0,Medium
B0018,69,24,3003.0,3.482298183882304,0.2567453685120387,2.331968556073514,4.186295492358637,0.00024231474824933734,-1.8090400456598725,0.6003399044077647,30.761821976538275,37.71101994346608,3.807327476212808,5.287374234922091,2613.906,1.4963534117486457,74.81767058743229,Degrading,27.0,Medium
B0018,70,24,3045.187,3.491819481711868,0.2523757254841878,2.4057755306304176,4.187384370589753,0.00025386411207396385,-1.8273691233501441,0.5753946456070788,30.913721930762733,37.767989299214086,3.7586786821951486,5.436208714403808,2691.875,1.5334262000312422,76.6713100015621,Degrading,26.0,Medium
B0018,71,24,3028.469,3.493995853241935,0.24787661625868782,2.4720838848798987,4.188929264481706,0.0002468063582430647,-1.8180385592622932,0.5884044857138683,31.228215653165606,37.91919394450186,3.7153442937299124,5.379713882520426,2674.547,1.523845267514426,76.1922633757213,Degrading,25.0,Medium
B0018,72,24,3012.937,3.484377015629623,0.2563184923366143,2.342731326096539,4.1852697593324315,0.0002461234714165987,-1.8085351614741645,0.6017111392190142,31.261679783387308,37.99328509003338,3.6786940845474763,5.310773441809406,2633.781,1.5011920994261239,75.05960497130619,Degrading,24.0,Medium
B0018,73,24,2998.875,3.4859116793558376,0.25178046921877606,2.4198650452188226,4.18799771486628,0.00024266435853452845,-1.8068041184926535,0.6035048613646924,31.18408593575448,37.984838024989045,3.7439712156426856,5.279709579156692,2618.015,1.492417671450291,74.62088357251456,Degrading,23.0,Medium
B0018,74,24,2983.547,3.4842787539766786,0.2508652563260822,2.438879997223475,4.187899339921793,0.00024118448188570213,-1.8050190987020625,0.6056880584788689,31.001432353085377,37.8288851383529,3.772248758982031,5.243858090928581,2601.5,1.483323851940123,74.16619259700616,Degrading,22.0,Medium
B0018,75,24,2966.86,3.482988652120672,0.2527666120037829,2.430465824271706,4.1882916128809375,0.0002449596997850399,-1.8118563821702207,0.5969033315535529,30.981374033120872,37.844837975501,3.7894093030372655,5.233204327309775,2596.61,1.4807376792294196,74.03688396147098,Degrading,21.0,Medium
B0018,76,24,2954.797,3.483799876979844,0.24802832713581485,2.4907267597860656,4.187409532380725,0.0002400239710742231,-1.8021525551783737,0.6102519084386244,31.088687926688607,37.8984610468502,3.7929642716009595,5.183890927326332,2570.765,1.4735077809902477,73.67538904951239,Degrading,20.0,Medium
B0018,77,24,2945.735,3.4787540756450497,0.25814755065726835,2.3678328028644775,4.188656943531829,0.00024718400291582287,-1.8092953592546854,0.6003267799218304,31.336420133762665,38.27784043980244,3.803271010666152,5.183278072880585,2561.0,1.46801928526661,73.40096426333051,Degrading,19.0,Medium
B0018,78,24,2941.375,3.4752194351784507,0.2587418006364251,2.3532703553328904,4.188198669984733,0.00024392822366327608,-1.8000309691416814,0.6124490248454585,31.22599987103565,38.24434303919528,3.8504748781567057,5.142423018080772,2543.297,1.4580923557119019,72.9046177855951,Degrading,18.0,Short
B0018,79,24,2923.953,3.470739535801023,0.25772371294595886,2.362897904778893,4.184528192003684,0.00024206156901095127,-1.7981302589297092,0.6145766343541279,31.037323488688802,38.06956259266949,3.887767420027259,5.0993276087973936,2525.25,1.4478660988891399,72.39330494445699,Degrading,17.0,Short
B0018,80,24,2921.031,3.474600910003521,0.2561984574820731,2.420200016704328,4.1927676322495895,0.0002454426383479759,-1.8058248446047425,0.6046864853168988,30.811349225731828,37.81744565252647,3.8873838582496485,5.120899324365471,2533.437,1.4527808777541982,72.6390438877099,Degrading,16.0,Short
B0018,81,24,2902.75,3.4740521567700093,0.2512971706951936,2.472605886588914,4.187873640279204,0.00024038693898046008,-1.795955865281378,0.6181698739348518,30.932223179746046,37.902567770354786,3.8978488164370293,5.058976002881874,2502.0,1.4425356364492432,72.12678182246216,Degrading,15.0,Short
B0018,82,24,2897.875,3.475075728648004,0.2509904827066951,2.483165462226557,4.1880559282136725,0.00024016564242185833,-1.7951057003644757,0.618933989993131,31.215527070380897,38.16628336469349,3.8865976358564236,5.049124108611203,2508.391,1.4392712877203313,71.96356438601657,Degrading,14.0,Short
B0018,83,24,2892.094,3.472424307596416,0.25484104285559894,2.4341986830086237,4.188063095530185,0.00024232152450573828,-1.7940097981352856,0.6205845867664036,31.400797084337558,38.36789486715962,3.8751971722133556,5.033496738816558,2489.157,1.4286475681888218,71.43237840944109,Degrading,13.0,Short
B0018,84,24,2886.921,3.471751102262539,0.24949789396086638,2.497859027600416,4.185913481526783,0.0002359765385172384,-1.7841592631620102,0.6322457302959145,31.259213269721236,38.19823604401131,3.9086071853484206,4.992633949457752,2470.218,1.4249026750004896,71.24513375002448,Degrading,12.0,Short
B0018,85,24,2942.531,3.4745407296058963,0.25954019804112044,2.3747408457948316,4.187259539606346,0.0002571822390916256,-1.8136320536623207,0.5946002285557522,31.134701292957466,38.099982807571635,3.860822526667847,5.1868300247498516,2562.578,1.4698115324524124,73.49057662262062,Degrading,11.0,Short
B0018,86,24,2912.469,3.471720060423485,0.260516253498242,2.3589340839760866,4.187670932765983,0.0002564838009489585,-1.8109604460875317,0.5979305613457744,31.246879695988095,38.214523782841354,3.8457459444261883,5.121465701979156,2531.891,1.4525819651050202,72.62909825525101,Degrading,10.0,Short
B0018,87,24,2895.594,3.471398409828823,0.2544263229056697,2.4413266342198545,4.187836103953847,0.0002484890447425101,-1.800802328247715,0.6114932928667776,31.027558674438325,37.939696536164234,3.856206251259731,5.059347416368817,2513.969,1.442834198908794,72.1417099454397,Degrading,9.0,Short
B0018,88,24,2884.406,3.4626491088970703,0.26385932209588037,2.311419659807122,4.18719517574786,0.0002507512493713384,-1.798647877727257,0.6138855024551874,30.931917385258963,38.06666733482501,3.9414476470124526,5.021651981795046,2487.938,1.428376058807949,71.41880294039746,Degrading,8.0,Short
B0018,89,24,2873.766,3.466072725920186,0.24944379745426662,2.4953159238201255,4.183339938829854,0.00023719993368459324,-1.7804067367547436,0.6370599693980358,30.667082236656018,37.63260475617888,3.93067479455812,4.951975257661115,2464.531,1.4154547844370715,70.77273922185357,Degrading,7.0,Short
B0018,90,24,2893.375,3.4730670533412877,0.256998603773989,2.4398479869382084,4.192209704853633,0.0002578901116928583,-1.8167125180994765,0.5905432240305882,31.226789107710772,38.18223603956323,3.894243733720098,5.104231977944415,2534.14,1.454576670077708,72.7288335038854,Degrading,6.0,Short
B0018,91,24,2884.9839999999967,3.4668548162926327,0.25940577128111114,2.376538319699514,4.1866224559264715,0.00025173350835925126,-1.7981268087177564,0.615175869824526,31.387733116648285,38.3907466519188,3.9188316151382807,5.028683895643796,2487.1089999999967,1.4283179548274056,71.41589774137029,Degrading,5.0,Short
B0018,92,24,2870.234,3.46527367520258,0.26004857673152804,2.3722299202290382,4.186945959000922,0.00025132329292141913,-1.7964439222994821,0.6175723216535413,31.505666838292886,38.51622654624205,3.914095366589241,4.996033442247438,2471.109,1.4197026883204058,70.98513441602029,Degrading,4.0,Short
B0018,93,24,2864.11,3.4638878223448684,0.2614012721012322,2.361475505115684,4.1874400308161395,0.0002505204943401572,-1.795371462470329,0.6185854999461717,31.5462258449116,38.56612180540248,3.8983467287559384,4.979366123500388,2463.922,1.4155606630306516,70.77803315153258,Degrading,3.0,Short
B0018,94,24,2846.64,3.457807923440064,0.2637843275246904,2.317937855025735,4.1845980039811215,0.0002505794369148147,-1.7937175263130196,0.621305543593045,31.389977882297476,38.5606541602861,3.9985715147003824,4.935547920870072,2445.406,1.405680035419228,70.2840017709614,Degrading,2.0,Short
B0018,95,24,2839.532,3.459813554486507,0.26401849793435667,2.3372859753156225,4.186742025132256,0.0002544458060968918,-1.8014517734888207,0.6106925334860716,31.385433749863733,38.53842073636507,3.9657190589451488,4.948010182921011,2450.438,1.4084461071166137,70.42230535583069,Degrading,1.0,Short
B0018,96,24,2832.703,3.458027727779737,0.26240215486440727,2.3528810264952194,4.1871520936423146,0.00025100018432235613,-1.7915215753378781,0.6236313916998142,31.423707199142058,38.548873480234754,3.983738947024171,4.904426586080182,2429.64,1.3968547782872414,69.84273891436207,Degrading,0.0,Short
B0018,97,24,2827.077999999994,3.4613996718507845,0.25436348272958975,2.4646122144537173,4.187096292904282,0.0002443213354059156,-1.7816941240706174,0.6362211262767111,31.435368910968148,38.45838357496903,3.9674658136262253,4.870612836303778,2410.4689999999973,1.3935670371440676,69.67835185720338,Degrading,0.0,Short
B0018,98,24,2821.531,3.4611285476693214,0.25451400427608056,2.4684655225527004,4.187367312766795,0.00024407421429575046,-1.7797379985412234,0.6387591462974623,31.542375291159843,38.54382874673793,3.9642465111259853,4.855412859991152,2401.984,1.3893644292809475,69.46822146404737,Degrading,0.0,Short
B0018,99,24,2805.156,3.455556822823358,0.2589834605607093,2.4092923539400735,4.18534593452204,0.0002477829229744559,-1.7856528650965158,0.6312222058682411,31.52669677306915,38.650883957434026,4.030635450508156,4.836060447040051,2395.344,1.3785651415666713,68.92825707833356,Degrading,0.0,Short
B0018,100,24,2814.906,3.459598362944341,0.2543532391096489,2.477625480372779,4.186646524222555,0.0002437792528074923,-1.7784070647657095,0.6396665691444494,31.435921914290372,38.45654834997334,3.9799942134001074,4.836883056629451,2394.14,1.384901110085747,69.24505550428735,Degrading,0.0,Short
B0018,101,24,2801.156,3.4506569891269216,0.263423300497629,2.335608852853518,4.184730834033599,0.00024853737658511667,-1.7778412667349817,0.6413506214395214,31.475238112886494,38.6564130442344,4.050740963804575,4.801300092956453,2380.297,1.3703251814242443,68.51625907121222,Degrading,0.0,Short
B0018,102,24,2794.187,3.455515243082573,0.2569366308625665,2.441999086782534,4.187175976285891,0.0002460192718153766,-1.7764462760420034,0.6426186512846561,31.5817445550721,38.655587491253975,4.0183573093301135,4.791357303593649,2372.828,1.3733464385229082,68.6673219261454,Degrading,0.0,Short
B0018,103,24,2785.391,3.455840338587253,0.25545113736601277,2.4651687831472158,4.186108406696249,0.00024505531525296847,-1.7752748972563315,0.6439585053065756,31.647958536134297,38.6997087046862,4.016418469674935,4.77237238688276,2362.969,1.3679487285504814,68.39743642752407,Degrading,0.0,Short
B0018,104,24,2779.5,3.448678293668265,0.2612930004988529,2.370892032033162,4.183460397462309,0.0002471688279954627,-1.7742013268724648,0.6451719450259635,31.662032275252905,38.87481687744787,4.0939130100114145,4.750287091291276,2355.938,1.3567141087089647,67.83570543544823,Degrading,0.0,Short
B0018,105,24,2899.234,3.474503178644755,0.2556944497754274,2.461879783248223,4.187091541628412,0.00026718880393824016,-1.8196650877007408,0.586549765279328,30.434500875864142,37.363974526077364,3.8534942001727446,5.130569952949195,2541.5,1.4604310209194575,73.02155104597287,Degrading,0.0,Short
B0018,106,24,2894.922,3.474031881945217,0.25755756066824986,2.4247066368907255,4.18736921126964,0.0002655903860460628,-1.8096836854216038,0.6002875701859975,31.017997058077018,37.88258787662229,3.841559669354344,5.09571277437216,2522.969,1.4500998937104097,72.50499468552049,Degrading,0.0,Short
B0018,107,24,2888.25,3.474404210386772,0.2554759257484419,2.4447222974031386,4.187597633155394,0.00026038865148795534,-1.7993287687468955,0.6132733366274968,31.39483761465523,38.158980736604235,3.8004854675567885,5.053907214982187,2515.015,1.4381406901824496,71.90703450912248,Degrading,0.0,Short
B0018,108,24,2873.906,3.471767043833224,0.2569035121433625,2.443569395327192,4.187608979498198,0.00025838739484913473,-1.7959419603883284,0.6173426525372289,31.24511885640641,38.05243159675446,3.824354254118013,5.01661670459532,2493.516,1.4283681980964316,71.41840990482157,Degrading,0.0,Short
B0018,109,24,2847.406,3.4685305272975935,0.25388594966506284,2.4666000274194886,4.186194120124063,0.00025546417520153894,-1.7956017209600372,0.618300999238423,31.05306925187263,37.89096376444466,3.8617083945398245,4.960182645241674,2459.453,1.4147874517552432,70.73937258776216,Degrading,0.0,Short
B0018,110,24,2849.281,3.4651213646662598,0.25859194493549637,2.4272514813701016,4.186991375693876,0.0002559487366780161,-1.7929541659933774,0.6216320056247608,30.88589263299331,37.81203585126145,3.8954477323182317,4.95450839609751,2452.938,1.413889163393182,70.6944581696591,Degrading,0.0,Short
B0018,111,24,2833.688,3.4652879859475885,0.25283242586660987,2.4762628371779,4.185443351643291,0.0002510044151344802,-1.784474211719448,0.6323087479107589,31.053992379018933,37.9591954678784,3.931967860502407,4.898966860386709,2430.344,1.3989331662177225,69.94665831088612,Degrading,0.0,Short
B0018,112,24,2826.453,3.461799526154992,0.26236963956853215,2.3607989727330003,4.186308413669027,0.0002590910358440625,-1.793581043096934,0.6220040809868876,31.492840068071885,38.521043498835155,3.9472345294231523,4.910648420338565,2436.391,1.3953322584033976,69.76661292016988,Degrading,0.0,Short
B0018,113,24,2818.312,3.463260140320492,0.2613577584434526,2.377011586588198,4.187179397572641,0.00025969036510797486,-1.7920645354970144,0.6233712946026018,31.93832684630049,38.878687997701746,3.9215405106927648,4.89429324777055,2427.234,1.390046129540245,69.50230647701225,Degrading,0.0,Short
B0018,114,24,2812.7189999999973,3.462839429201602,0.25503797910208703,2.4567563196678455,4.1854460754417,0.00025099741120993994,-1.7809541104468565,0.6363041167015956,31.74562722135923,38.65118899876309,3.9322760275289097,4.850460044147389,2407.297000000006,1.3860271454209647,69.30135727104823,Degrading,0.0,Short
B0018,115,24,2803.5,3.4569152237960306,0.26697340100884936,2.3277314025979847,4.193052368415502,0.00026314371986063423,-1.7989851707207014,0.6136015374226743,31.31018499405759,38.434235278537344,3.991914149737072,4.8774531447306355,2411.0,1.388215260193751,69.41076300968754,Degrading,0.0,Short
B0018,116,24,2783.25,3.4574690175816127,0.2568228137679184,2.4537913827403948,4.186241953638429,0.0002532575215881008,-1.7873231599598716,0.6283660366326043,31.127360345471814,38.103875724329995,3.9586881060793737,4.807100559079243,2389.453,1.3761826562394497,68.80913281197249,Degrading,0.0,Short
B0018,117,24,2776.391,3.4502191781217797,0.2643003813390103,2.3475608877759067,4.186011006323472,0.0002560103014562777,-1.7861666392556754,0.6300010907202901,30.985550813719595,38.12742842632319,4.0221548276103825,4.78429569679298,2368.704,1.3647168898640165,68.23584449320083,Degrading,0.0,Short
B0018,118,24,2766.516,3.4486728051793962,0.26393140331671344,2.3558347560196564,4.18675624032869,0.0002558098608846647,-1.7849995504167615,0.630878906976592,30.899653280757406,38.03962943213698,4.045052346052421,4.7615180493756135,2358.422,1.3589854739373584,67.94927369686792,Degrading,0.0,Short
B0018,119,24,2751.516,3.444632719716698,0.26169754461682443,2.3791102362944754,4.1831553230638425,0.00025262783999717805,-1.778331020505836,0.639379848746925,30.706123644966482,37.85657903247749,4.086965241473662,4.711662676316345,2333.547,1.3462308764008801,67.31154382004401,Degrading,0.0,Short
B0018,120,24,2848.859,3.467272639213176,0.2590954604625469,2.444740635238248,4.191989955143364,0.0002681125085066294,-1.809775952165901,0.5998929255667806,30.47122187456595,37.43017193410286,3.9229679264032944,5.002790595605179,2478.812,1.4268427818454643,71.34213909227321,Degrading,0.0,Short
B0018,121,24,2840.016,3.464490491162134,0.25720031438600915,2.431867772331712,4.185628679672912,0.0002610858163424815,-1.7896694300229208,0.6259143571313354,30.939221783021114,37.8264149292754,3.901367821909319,4.928535261584906,2442.266,1.4064481483279663,70.32240741639832,Degrading,0.0,Short
B0018,122,24,2817.375,3.459667012281024,0.2645119375542321,2.344037291947413,4.186834478731371,0.000267001694803511,-1.7970097248124899,0.616291401136465,31.111640631561894,38.08307173716899,3.9050165905225134,4.903962727262842,2432.953,1.3934907492075153,69.67453746037576,Degrading,0.0,Short
B0018,123,24,2809.234,3.462241956955771,0.2559372101503028,2.456436863057259,4.186613091061155,0.0002573079637693407,-1.7861513769566684,0.6297547238438339,31.037910219908994,37.88279649093536,3.891840650133118,4.859475533084229,2409.953,1.3882493512249316,69.41246756124659,Degrading,0.0,Short
B0018,124,24,2791.187,3.4555661695067355,0.2596982368038693,2.395547668334432,4.183907160253637,0.0002579420868487297,-1.784162084841115,0.6324689086646982,30.967950840538833,37.96027066990377,3.9665391332141313,4.813942073223901,2390.766,1.3701878338420928,68.50939169210464,Degrading,0.0,Short
B0018,125,24,2794.016,3.458696199585801,0.2567368169580032,2.4536749172979215,4.18533882899107,0.00025470387469563217,-1.7845257009241222,0.632625610318277,30.93996203578424,37.880513353762176,3.955686030516635,4.8231145923580465,2393.422,1.3796951665608619,68.9847583280431,Degrading,0.0,Short
B0018,126,24,2774.719,3.4525282614097663,0.2674956170053475,2.3062728144586413,4.185280284017658,0.00026497194346918507,-1.7920667435100546,0.623598617743903,31.295019295352862,38.43416278222213,4.011703374555781,4.806830471914015,2386.953,1.3686586323935683,68.43293161967841,Degrading,0.0,Short
B0018,127,24,2777.844,3.4552290080443044,0.2641142102955423,2.3471092023857154,4.186281579801858,0.0002616832307234246,-1.782779873271704,0.635139666997203,31.81846533166901,38.847489737859576,3.980924402691639,4.789447199084275,2375.953,1.3627371779096438,68.13685889548219,Degrading,0.0,Short
B0018,128,24,2781.125,3.4619744219744675,0.2539173569253529,2.4884289104730986,4.185356132672309,0.00025180059091810454,-1.7725212915953121,0.6472460682723474,32.00067162597675,38.80283421497622,3.8851848597317638,4.7712333355858965,2377.5,1.3634051133928073,68.17025566964037,Degrading,0.0,Short
B0018,129,24,2760.906,3.452221905520614,0.2592424399841937,2.3992178234155577,4.181406543107895,0.00025352033727635786,-1.769870119236631,0.6498776113343834,31.73992229230571,38.72699121838442,3.998454935719956,4.717904476659986,2343.109,1.3518646035305233,67.59323017652616,Degrading,0.0,Short
B0018,130,24,2753.25,3.447650049442191,0.2701822921841344,2.2786338886500292,4.185252405343103,0.00026408212827076105,-1.7884847819526568,0.6271065213681674,31.52613649688221,38.67191958148309,4.01073484507329,4.7507232271212585,2348.656,1.3547969729652622,67.7398486482631,Degrading,0.0,Short
B0018,131,24,2742.843,3.447928507599004,0.2633941942740437,2.3655846763383734,4.185763363191996,0.0002581745914184265,-1.77774044867741,0.6406746344246685,31.27624493654335,38.371813640118894,4.0288319974474485,4.700870879926169,2337.078,1.341051440640485,67.05257203202424,Degrading,0.0,Short
